riao/Q004455	Neo-Assyrian	Royal Inscription	Ashurnasirpal_II_RN
riao/Q004456	Neo-Assyrian	Royal Inscription	Ashurnasirpal_II_RN
riao/Q004457	Neo-Assyrian	Royal Inscription	Ashurnasirpal_II_RN
riao/Q004471	Neo-Assyrian	Royal Inscription	Ashurnasirpal_II_RN
riao/Q004472	Neo-Assyrian	Royal Inscription	Ashurnasirpal_II_RN
riao/Q004473	Neo-Assyrian	Royal Inscription	Ashurnasirpal_II_RN
riao/Q004474	Neo-Assyrian	Royal Inscription	Ashurnasirpal_II_RN
riao/Q004475	Neo-Assyrian	Royal Inscription	Ashurnasirpal_II_RN
riao/Q004477	Neo-Assyrian	Royal Inscription	Ashurnasirpal_II_RN
riao/Q004478	Neo-Assyrian	Royal Inscription	Ashurnasirpal_II_RN
riao/Q004480	Neo-Assyrian	Royal Inscription	Ashurnasirpal_II_RN
riao/Q004482	Neo-Assyrian	Royal Inscription	Ashurnasirpal_II_RN
riao/Q004484	Neo-Assyrian	Royal Inscription	Ashurnasirpal_II_RN
riao/Q004485	Neo-Assyrian	Royal Inscription	Ashurnasirpal_II_RN
riao/Q004486	Neo-Assyrian	Royal Inscription	Ashurnasirpal_II_RN
riao/Q004487	Neo-Assyrian	Royal Inscription	Ashurnasirpal_II_RN
riao/Q004488	Neo-Assyrian	Royal Inscription	Ashurnasirpal_II_RN
riao/Q004489	Neo-Assyrian	Royal Inscription	Ashurnasirpal_II_RN
riao/Q004492	Neo-Assyrian	Royal Inscription	Ashurnasirpal_II_RN
riao/Q004494	Neo-Assyrian	Royal Inscription	Ashurnasirpal_II_RN
riao/Q004495	Neo-Assyrian	Royal Inscription	Ashurnasirpal_II_RN
riao/Q004497	Neo-Assyrian	Royal Inscription	Ashurnasirpal_II_RN
riao/Q004499	Neo-Assyrian	Royal Inscription	Ashurnasirpal_II_RN
riao/Q004500	Neo-Assyrian	Royal Inscription	Ashurnasirpal_II_RN
riao/Q004501	Neo-Assyrian	Royal Inscription	Ashurnasirpal_II_RN
riao/Q004504	Neo-Assyrian	Royal Inscription	Ashurnasirpal_II_RN
riao/Q004505	Neo-Assyrian	Royal Inscription	Ashurnasirpal_II_RN
riao/Q004506	Neo-Assyrian	Royal Inscription	Ashurnasirpal_II_RN
riao/Q004509	Neo-Assyrian	Royal Inscription	Ashurnasirpal_II_RN
riao/Q004510	Neo-Assyrian	Royal Inscription	Ashurnasirpal_II_RN
riao/Q004511	Neo-Assyrian	Royal Inscription	Ashurnasirpal_II_RN
riao/Q004513	Neo-Assyrian	Royal Inscription	Ashurnasirpal_II_RN
riao/Q004520	Neo-Assyrian	Royal Inscription	Ashurnasirpal_II_RN
riao/Q004521	Neo-Assyrian	Royal Inscription	Ashurnasirpal_II_RN
riao/Q004552	Neo-Assyrian	Royal Inscription	Ashurnasirpal_II_RN
riao/Q004553	Neo-Assyrian	Royal Inscription	Ashurnasirpal_II_RN
riao/Q004558	Neo-Assyrian	Royal Inscription	Ashurnasirpal_II_RN
riao/Q004565	Neo-Assyrian	Royal Inscription	Ashurnasirpal_II_RN
riao/Q004566	Neo-Assyrian	Royal Inscription	Ashurnasirpal_II_RN
riao/Q004567	Neo-Assyrian	Royal Inscription	Ashurnasirpal_II_RN
riao/Q004572	Neo-Assyrian	Royal Inscription	Ashurnasirpal_II_RN
riao/Q004580	Neo-Assyrian	Royal Inscription	Ashurnasirpal_II_RN
riao/Q004581	Neo-Assyrian	Royal Inscription	Ashurnasirpal_II_RN
riao/Q004587	Neo-Assyrian	Royal Inscription	Ashurnasirpal_II_RN
riao/Q004588	Neo-Assyrian	Royal Inscription	Ashurnasirpal_II_RN
riao/Q004589	Neo-Assyrian	Royal Inscription	Ashurnasirpal_II_RN
riao/Q004590	Neo-Assyrian	Royal Inscription	Ashurnasirpal_II_RN
riao/Q004592	Neo-Assyrian	Royal Inscription	Ashurnasirpal_II_RN
riao/Q004602	Neo-Assyrian	Royal Inscription	Ashurnasirpal_II_RN
riao/Q004606	Neo-Assyrian	Royal Inscription	Shalmaneser_III_RN
riao/Q004607	Neo-Assyrian	Royal Inscription	Shalmaneser_III_RN
riao/Q004608	Neo-Assyrian	Royal Inscription	Shalmaneser_III_RN
riao/Q004609	Neo-Assyrian	Royal Inscription	Shalmaneser_III_RN
riao/Q004610	Neo-Assyrian	Royal Inscription	Shalmaneser_III_RN
riao/Q004611	Neo-Assyrian	Royal Inscription	Shalmaneser_III_RN
riao/Q004613	Neo-Assyrian	Royal Inscription	Shalmaneser_III_RN
riao/Q004615	Neo-Assyrian	Royal Inscription	Shalmaneser_III_RN
riao/Q004616	Neo-Assyrian	Royal Inscription	Shalmaneser_III_RN
riao/Q004617	Neo-Assyrian	Royal Inscription	Shalmaneser_III_RN
riao/Q004619	Neo-Assyrian	Royal Inscription	Shalmaneser_III_RN
riao/Q004621	Neo-Assyrian	Royal Inscription	Shalmaneser_III_RN
riao/Q004622	Neo-Assyrian	Royal Inscription	Shalmaneser_III_RN
riao/Q004623	Neo-Assyrian	Royal Inscription	Shalmaneser_III_RN
riao/Q004624	Neo-Assyrian	Royal Inscription	Shalmaneser_III_RN
riao/Q004625	Neo-Assyrian	Royal Inscription	Shalmaneser_III_RN
riao/Q004626	Neo-Assyrian	Royal Inscription	Shalmaneser_III_RN
riao/Q004627	Neo-Assyrian	Royal Inscription	Shalmaneser_III_RN
riao/Q004628	Neo-Assyrian	Royal Inscription	Shalmaneser_III_RN
riao/Q004631	Neo-Assyrian	Royal Inscription	Shalmaneser_III_RN
riao/Q004632	Neo-Assyrian	Royal Inscription	Shalmaneser_III_RN
riao/Q004633	Neo-Assyrian	Royal Inscription	Shalmaneser_III_RN
riao/Q004634	Neo-Assyrian	Royal Inscription	Shalmaneser_III_RN
riao/Q004635	Neo-Assyrian	Royal Inscription	Shalmaneser_III_RN
riao/Q004636	Neo-Assyrian	Royal Inscription	Shalmaneser_III_RN
riao/Q004637	Neo-Assyrian	Royal Inscription	Shalmaneser_III_RN
riao/Q004638	Neo-Assyrian	Royal Inscription	Shalmaneser_III_RN
riao/Q004639	Neo-Assyrian	Royal Inscription	Shalmaneser_III_RN
riao/Q004640	Neo-Assyrian	Royal Inscription	Shalmaneser_III_RN
riao/Q004642	Neo-Assyrian	Royal Inscription	Shalmaneser_III_RN
riao/Q004644	Neo-Assyrian	Royal Inscription	Shalmaneser_III_RN
riao/Q004645	Neo-Assyrian	Royal Inscription	Shalmaneser_III_RN
riao/Q004646	Neo-Assyrian	Royal Inscription	Shalmaneser_III_RN
riao/Q004648	Neo-Assyrian	Royal Inscription	Shalmaneser_III_RN
riao/Q004649	Neo-Assyrian	Royal Inscription	Shalmaneser_III_RN
riao/Q004653	Neo-Assyrian	Royal Inscription	Shalmaneser_III_RN
riao/Q004654	Neo-Assyrian	Royal Inscription	Shalmaneser_III_RN
riao/Q004655	Neo-Assyrian	Royal Inscription	Shalmaneser_III_RN
riao/Q004656	Neo-Assyrian	Royal Inscription	Shalmaneser_III_RN
riao/Q004657	Neo-Assyrian	Royal Inscription	Shalmaneser_III_RN
riao/Q004658	Neo-Assyrian	Royal Inscription	Shalmaneser_III_RN
riao/Q004660	Neo-Assyrian	Royal Inscription	Shalmaneser_III_RN
riao/Q004661	Neo-Assyrian	Royal Inscription	Shalmaneser_III_RN
riao/Q004663	Neo-Assyrian	Royal Inscription	Shalmaneser_III_RN
riao/Q004698	Neo-Assyrian	Royal Inscription	Shalmaneser_III_RN
riao/Q004699	Neo-Assyrian	Royal Inscription	Shalmaneser_III_RN
riao/Q004700	Neo-Assyrian	Royal Inscription	Shalmaneser_III_RN
riao/Q004701	Neo-Assyrian	Royal Inscription	Shalmaneser_III_RN
riao/Q004702	Neo-Assyrian	Royal Inscription	Shalmaneser_III_RN
riao/Q004708	Neo-Assyrian	Royal Inscription	Shalmaneser_III_RN
riao/Q004713	Neo-Assyrian	Royal Inscription	Shalmaneser_III_RN
riao/Q004722	Neo-Assyrian	Royal Inscription	Shalmaneser_III_RN
riao/Q004724	Neo-Assyrian	Royal Inscription	Shalmaneser_III_RN
riao/Q004725	Neo-Assyrian	Royal Inscription	Shalmaneser_III_RN
riao/Q004726	Neo-Assyrian	Royal Inscription	Shalmaneser_III_RN
riao/Q004737	Neo-Assyrian	Royal Inscription	Shalmaneser_III_RN
riao/Q004738	Neo-Assyrian	Royal Inscription	Šamši-Adad_V_RN
riao/Q004739	Neo-Assyrian	Royal Inscription	Šamši-Adad_V_RN
riao/Q004741	Neo-Assyrian	Royal Inscription	Šamši-Adad_V_RN
riao/Q004742	Neo-Assyrian	Royal Inscription	Šamši-Adad_V_RN
riao/Q004743	Neo-Assyrian	Royal Inscription	Šamši-Adad_V_RN
riao/Q004744	Neo-Assyrian	Royal Inscription	Šamši-Adad_V_RN
riao/Q004749	Neo-Assyrian	Royal Inscription	Adad-nerari_III_RN
riao/Q004751	Neo-Assyrian	Royal Inscription	Adad-nerari_III_RN
riao/Q004753	Neo-Assyrian	Royal Inscription	Adad-nerari_III_RN
riao/Q004754	Neo-Assyrian	Royal Inscription	Adad-nerari_III_RN
riao/Q004755	Neo-Assyrian	Royal Inscription	Adad-nerari_III_RN
riao/Q004756	Neo-Assyrian	Royal Inscription	Adad-nerari_III_RN
riao/Q004758	Neo-Assyrian	Royal Inscription	Adad-nerari_III_RN
riao/Q004759	Neo-Assyrian	Royal Inscription	Adad-nerari_III_RN
riao/Q004762	Neo-Assyrian	Royal Inscription	Adad-nerari_III_RN
riao/Q004763	Neo-Assyrian	Royal Inscription	Adad-nerari_III_RN
riao/Q004769	Neo-Assyrian	Royal Inscription	Adad-nerari_III_RN
riao/Q004781	Neo-Assyrian	Royal Inscription	Adad-nerari_III_RN
riao/Q004783	Neo-Assyrian	Royal Inscription	Adad-nerari_III_RN
riao/Q004784	Neo-Assyrian	Royal Inscription	Adad-nerari_III_RN
riao/Q004796	Neo-Assyrian	Royal Inscription	Adad-nerari_III_RN
riao/Q006013	Neo-Assyrian	Royal Inscription	Aššur-dan_II_RN
riao/Q006014	Neo-Assyrian	Royal Inscription	Aššur-dan_II_RN
riao/Q006015	Neo-Assyrian	Royal Inscription	Aššur-dan_II_RN
riao/Q006016	Neo-Assyrian	Royal Inscription	Aššur-dan_II_RN
riao/Q006020	Neo-Assyrian	Royal Inscription	Adad-nerari_II_RN
riao/Q006021	Neo-Assyrian	Royal Inscription	Adad-nerari_II_RN
riao/Q006022	Neo-Assyrian	Royal Inscription	Adad-nerari_II_RN
riao/Q006023	Neo-Assyrian	Royal Inscription	Adad-nerari_II_RN
riao/Q006033	Neo-Assyrian	Royal Inscription	Tukulti-Ninurta_II_RN
riao/Q006035	Neo-Assyrian	Royal Inscription	Tukulti-Ninurta_II_RN
riao/Q006687	Neo-Assyrian	Royal Inscription	Shalmaneser_IV_RN
riao/Q006688	Neo-Assyrian	Royal Inscription	Shalmaneser_IV_RN
riao/Q006691	Neo-Assyrian	Royal Inscription	Aššur-dan_III_RN
riao/Q006692	Neo-Assyrian	Royal Inscription	Aššur-nerari_V_RN
ribo-babylon6/Q006323	Neo-Assyrian	Royal Inscription	Sargon_II_RN
ribo-babylon6/Q006325	Neo-Assyrian	Royal Inscription	Sargon_II_RN
rinap-rinap1/Q003418	Neo-Assyrian	Royal Inscription	Tiglath-pileser_III_RN
rinap-rinap1/Q003419	Neo-Assyrian	Royal Inscription	Tiglath-pileser_III_RN
rinap-rinap1/Q003421	Neo-Assyrian	Royal Inscription	Tiglath-pileser_III_RN
rinap-rinap1/Q003422	Neo-Assyrian	Royal Inscription	Tiglath-pileser_III_RN
rinap-rinap1/Q003428	Neo-Assyrian	Royal Inscription	Tiglath-pileser_III_RN
rinap-rinap1/Q003429	Neo-Assyrian	Royal Inscription	Tiglath-pileser_III_RN
rinap-rinap1/Q003430	Neo-Assyrian	Royal Inscription	Tiglath-pileser_III_RN
rinap-rinap1/Q003431	Neo-Assyrian	Royal Inscription	Tiglath-pileser_III_RN
rinap-rinap1/Q003437	Neo-Assyrian	Royal Inscription	Tiglath-pileser_III_RN
rinap-rinap1/Q003441	Neo-Assyrian	Royal Inscription	Tiglath-pileser_III_RN
rinap-rinap1/Q003448	Neo-Assyrian	Royal Inscription	Tiglath-pileser_III_RN
rinap-rinap1/Q003450	Neo-Assyrian	Royal Inscription	Tiglath-pileser_III_RN
rinap-rinap1/Q003452	Neo-Assyrian	Royal Inscription	Tiglath-pileser_III_RN
rinap-rinap1/Q003453	Neo-Assyrian	Royal Inscription	Tiglath-pileser_III_RN
rinap-rinap1/Q003454	Neo-Assyrian	Royal Inscription	Tiglath-pileser_III_RN
rinap-rinap1/Q003459	Neo-Assyrian	Royal Inscription	Tiglath-pileser_III_RN
rinap-rinap1/Q003460	Neo-Assyrian	Royal Inscription	Tiglath-pileser_III_RN
rinap-rinap1/Q003461	Neo-Assyrian	Royal Inscription	Tiglath-pileser_III_RN
rinap-rinap1/Q003462	Neo-Assyrian	Royal Inscription	Tiglath-pileser_III_RN
rinap-rinap1/Q003464	Neo-Assyrian	Royal Inscription	Tiglath-pileser_III_RN
rinap-rinap1/Q003466	Neo-Assyrian	Royal Inscription	Tiglath-pileser_III_RN
rinap-rinap3/Q003475	Neo-Assyrian	Royal Inscription	Sennacherib_RN
rinap-rinap3/Q003476	Neo-Assyrian	Royal Inscription	Sennacherib_RN
rinap-rinap3/Q003477	Neo-Assyrian	Royal Inscription	Sennacherib_RN
rinap-rinap3/Q003478	Neo-Assyrian	Royal Inscription	Sennacherib_RN
rinap-rinap3/Q003479	Neo-Assyrian	Royal Inscription	Sennacherib_RN
rinap-rinap3/Q003481	Neo-Assyrian	Royal Inscription	Sennacherib_RN
rinap-rinap3/Q003482	Neo-Assyrian	Royal Inscription	Sennacherib_RN
rinap-rinap3/Q003483	Neo-Assyrian	Royal Inscription	Sennacherib_RN
rinap-rinap3/Q003484	Neo-Assyrian	Royal Inscription	Sennacherib_RN
rinap-rinap3/Q003486	Neo-Assyrian	Royal Inscription	Sennacherib_RN
rinap-rinap3/Q003489	Neo-Assyrian	Royal Inscription	Sennacherib_RN
rinap-rinap3/Q003490	Neo-Assyrian	Royal Inscription	Sennacherib_RN
rinap-rinap3/Q003491	Neo-Assyrian	Royal Inscription	Sennacherib_RN
rinap-rinap3/Q003492	Neo-Assyrian	Royal Inscription	Sennacherib_RN
rinap-rinap3/Q003496	Neo-Assyrian	Royal Inscription	Sennacherib_RN
rinap-rinap3/Q003497	Neo-Assyrian	Royal Inscription	Sennacherib_RN
rinap-rinap3/Q003498	Neo-Assyrian	Royal Inscription	Sennacherib_RN
rinap-rinap3/Q003508	Neo-Assyrian	Royal Inscription	Sennacherib_RN
rinap-rinap3/Q003509	Neo-Assyrian	Royal Inscription	Sennacherib_RN
rinap-rinap3/Q003510	Neo-Assyrian	Royal Inscription	Sennacherib_RN
rinap-rinap3/Q003513	Neo-Assyrian	Royal Inscription	Sennacherib_RN
rinap-rinap3/Q003514	Neo-Assyrian	Royal Inscription	Sennacherib_RN
rinap-rinap3/Q003515	Neo-Assyrian	Royal Inscription	Sennacherib_RN
rinap-rinap3/Q003516	Neo-Assyrian	Royal Inscription	Sennacherib_RN
rinap-rinap3/Q003517	Neo-Assyrian	Royal Inscription	Sennacherib_RN
rinap-rinap3/Q003518	Neo-Assyrian	Royal Inscription	Sennacherib_RN
rinap-rinap3/Q003519	Neo-Assyrian	Royal Inscription	Sennacherib_RN
rinap-rinap3/Q003520	Neo-Assyrian	Royal Inscription	Sennacherib_RN
rinap-rinap3/Q003523	Neo-Assyrian	Royal Inscription	Sennacherib_RN
rinap-rinap3/Q003524	Neo-Assyrian	Royal Inscription	Sennacherib_RN
rinap-rinap3/Q003560	Neo-Assyrian	Royal Inscription	Sennacherib_RN
rinap-rinap3/Q003941	Neo-Assyrian	Royal Inscription	Sennacherib_RN
rinap-rinap3/Q003943	Neo-Assyrian	Royal Inscription	Sennacherib_RN
rinap-rinap3/Q003945	Neo-Assyrian	Royal Inscription	Sennacherib_RN
rinap-rinap3/Q003947	Neo-Assyrian	Royal Inscription	Sennacherib_RN
rinap-rinap3/Q003949	Neo-Assyrian	Royal Inscription	Sennacherib_RN
rinap-rinap3/Q003950	Neo-Assyrian	Royal Inscription	Sennacherib_RN
rinap-rinap3/Q003953	Neo-Assyrian	Royal Inscription	Sennacherib_RN
rinap-rinap3/Q003956	Neo-Assyrian	Royal Inscription	Sennacherib_RN
rinap-rinap3/Q003958	Neo-Assyrian	Royal Inscription	Sennacherib_RN
rinap-rinap3/Q003960	Neo-Assyrian	Royal Inscription	Sennacherib_RN
rinap-rinap3/Q003961	Neo-Assyrian	Royal Inscription	Sennacherib_RN
rinap-rinap3/Q003962	Neo-Assyrian	Royal Inscription	Sennacherib_RN
rinap-rinap3/Q003963	Neo-Assyrian	Royal Inscription	Sennacherib_RN
rinap-rinap3/Q003964	Neo-Assyrian	Royal Inscription	Sennacherib_RN
rinap-rinap3/Q003965	Neo-Assyrian	Royal Inscription	Sennacherib_RN
rinap-rinap3/Q003967	Neo-Assyrian	Royal Inscription	Sennacherib_RN
rinap-rinap3/Q003968	Neo-Assyrian	Royal Inscription	Sennacherib_RN
rinap-rinap3/Q003969	Neo-Assyrian	Royal Inscription	Sennacherib_RN
rinap-rinap3/Q003970	Neo-Assyrian	Royal Inscription	Sennacherib_RN
rinap-rinap3/Q003971	Neo-Assyrian	Royal Inscription	Sennacherib_RN
rinap-rinap3/Q003972	Neo-Assyrian	Royal Inscription	Sennacherib_RN
rinap-rinap3/Q003973	Neo-Assyrian	Royal Inscription	Sennacherib_RN
rinap-rinap3/Q003974	Neo-Assyrian	Royal Inscription	Sennacherib_RN
rinap-rinap3/Q003975	Neo-Assyrian	Royal Inscription	Sennacherib_RN
rinap-rinap3/Q003976	Neo-Assyrian	Royal Inscription	Sennacherib_RN
rinap-rinap3/Q003977	Neo-Assyrian	Royal Inscription	Sennacherib_RN
rinap-rinap3/Q003978	Neo-Assyrian	Royal Inscription	Sennacherib_RN
rinap-rinap3/Q003979	Neo-Assyrian	Royal Inscription	Sennacherib_RN
rinap-rinap3/Q003980	Neo-Assyrian	Royal Inscription	Sennacherib_RN
rinap-rinap3/Q003982	Neo-Assyrian	Royal Inscription	Sennacherib_RN
rinap-rinap3/Q003983	Neo-Assyrian	Royal Inscription	Sennacherib_RN
rinap-rinap3/Q003985	Neo-Assyrian	Royal Inscription	Sennacherib_RN
rinap-rinap3/Q003986	Neo-Assyrian	Royal Inscription	Sennacherib_RN
rinap-rinap3/Q003987	Neo-Assyrian	Royal Inscription	Sennacherib_RN
rinap-rinap3/Q003989	Neo-Assyrian	Royal Inscription	Sennacherib_RN
rinap-rinap3/Q003995	Neo-Assyrian	Royal Inscription	Sennacherib_RN
rinap-rinap3/Q003996	Neo-Assyrian	Royal Inscription	Sennacherib_RN
rinap-rinap3/Q004000	Neo-Assyrian	Royal Inscription	Sennacherib_RN
rinap-rinap3/Q004001	Neo-Assyrian	Royal Inscription	Sennacherib_RN
rinap-rinap3/Q004002	Neo-Assyrian	Royal Inscription	Sennacherib_RN
rinap-rinap3/Q004003	Neo-Assyrian	Royal Inscription	Sennacherib_RN
rinap-rinap3/Q004004	Neo-Assyrian	Royal Inscription	Sennacherib_RN
rinap-rinap3/Q004005	Neo-Assyrian	Royal Inscription	Sennacherib_RN
rinap-rinap3/Q004006	Neo-Assyrian	Royal Inscription	Sennacherib_RN
rinap-rinap3/Q004007	Neo-Assyrian	Royal Inscription	Sennacherib_RN
rinap-rinap3/Q004010	Neo-Assyrian	Royal Inscription	Sennacherib_RN
rinap-rinap3/Q004014	Neo-Assyrian	Royal Inscription	Sennacherib_RN
rinap-rinap3/Q004017	Neo-Assyrian	Royal Inscription	Sennacherib_RN
rinap-rinap3/Q004018	Neo-Assyrian	Royal Inscription	Sennacherib_RN
rinap-rinap3/Q004019	Neo-Assyrian	Royal Inscription	Sennacherib_RN
rinap-rinap3/Q004021	Neo-Assyrian	Royal Inscription	Sennacherib_RN
rinap-rinap3/Q004027	Neo-Assyrian	Royal Inscription	Sennacherib_RN
rinap-rinap3/Q004028	Neo-Assyrian	Royal Inscription	Sennacherib_RN
rinap-rinap3/Q004033	Neo-Assyrian	Royal Inscription	Sennacherib_RN
rinap-rinap3/Q004034	Neo-Assyrian	Royal Inscription	Sennacherib_RN
rinap-rinap3/Q004035	Neo-Assyrian	Royal Inscription	Sennacherib_RN
rinap-rinap3/Q004036	Neo-Assyrian	Royal Inscription	Sennacherib_RN
rinap-rinap3/Q004071	Neo-Assyrian	Royal Inscription	Sennacherib_RN
rinap-rinap3/Q004075	Neo-Assyrian	Royal Inscription	Sennacherib_RN
rinap-rinap4/Q003230	Neo-Assyrian	Royal Inscription	Esarhaddon_RN
rinap-rinap4/Q003231	Neo-Assyrian	Royal Inscription	Esarhaddon_RN
rinap-rinap4/Q003232	Neo-Assyrian	Royal Inscription	Esarhaddon_RN
rinap-rinap4/Q003233	Neo-Assyrian	Royal Inscription	Esarhaddon_RN
rinap-rinap4/Q003234	Neo-Assyrian	Royal Inscription	Esarhaddon_RN
rinap-rinap4/Q003235	Neo-Assyrian	Royal Inscription	Esarhaddon_RN
rinap-rinap4/Q003236	Neo-Assyrian	Royal Inscription	Esarhaddon_RN
rinap-rinap4/Q003237	Neo-Assyrian	Royal Inscription	Esarhaddon_RN
rinap-rinap4/Q003238	Neo-Assyrian	Royal Inscription	Esarhaddon_RN
rinap-rinap4/Q003240	Neo-Assyrian	Royal Inscription	Esarhaddon_RN
rinap-rinap4/Q003241	Neo-Assyrian	Royal Inscription	Esarhaddon_RN
rinap-rinap4/Q003245	Neo-Assyrian	Royal Inscription	Esarhaddon_RN
rinap-rinap4/Q003259	Neo-Assyrian	Royal Inscription	Esarhaddon_RN
rinap-rinap4/Q003260	Neo-Assyrian	Royal Inscription	Esarhaddon_RN
rinap-rinap4/Q003262	Neo-Assyrian	Royal Inscription	Esarhaddon_RN
rinap-rinap4/Q003263	Neo-Assyrian	Royal Inscription	Esarhaddon_RN
rinap-rinap4/Q003265	Neo-Assyrian	Royal Inscription	Esarhaddon_RN
rinap-rinap4/Q003266	Neo-Assyrian	Royal Inscription	Esarhaddon_RN
rinap-rinap4/Q003269	Neo-Assyrian	Royal Inscription	Esarhaddon_RN
rinap-rinap4/Q003272	Neo-Assyrian	Royal Inscription	Esarhaddon_RN
rinap-rinap4/Q003273	Neo-Assyrian	Royal Inscription	Esarhaddon_RN
rinap-rinap4/Q003277	Neo-Assyrian	Royal Inscription	Esarhaddon_RN
rinap-rinap4/Q003282	Neo-Assyrian	Royal Inscription	Esarhaddon_RN
rinap-rinap4/Q003283	Neo-Assyrian	Royal Inscription	Esarhaddon_RN
rinap-rinap4/Q003286	Neo-Assyrian	Royal Inscription	Esarhaddon_RN
rinap-rinap4/Q003287	Neo-Assyrian	Royal Inscription	Esarhaddon_RN
rinap-rinap4/Q003288	Neo-Assyrian	Royal Inscription	Esarhaddon_RN
rinap-rinap4/Q003289	Neo-Assyrian	Royal Inscription	Esarhaddon_RN
rinap-rinap4/Q003293	Neo-Assyrian	Royal Inscription	Esarhaddon_RN
rinap-rinap4/Q003297	Neo-Assyrian	Royal Inscription	Esarhaddon_RN
rinap-rinap4/Q003298	Neo-Assyrian	Royal Inscription	Esarhaddon_RN
rinap-rinap4/Q003305	Neo-Assyrian	Royal Inscription	Esarhaddon_RN
rinap-rinap4/Q003306	Neo-Assyrian	Royal Inscription	Esarhaddon_RN
rinap-rinap4/Q003307	Neo-Assyrian	Royal Inscription	Esarhaddon_RN
rinap-rinap4/Q003308	Neo-Assyrian	Royal Inscription	Esarhaddon_RN
rinap-rinap4/Q003309	Neo-Assyrian	Royal Inscription	Esarhaddon_RN
rinap-rinap4/Q003322	Neo-Assyrian	Royal Inscription	Esarhaddon_RN
rinap-rinap4/Q003326	Neo-Assyrian	Royal Inscription	Esarhaddon_RN
rinap-rinap4/Q003330	Neo-Assyrian	Royal Inscription	Esarhaddon_RN
rinap-rinap4/Q003333	Neo-Assyrian	Royal Inscription	Esarhaddon_RN
rinap-rinap4/Q003334	Neo-Assyrian	Royal Inscription	Esarhaddon_RN
rinap-rinap4/Q003335	Neo-Assyrian	Royal Inscription	Esarhaddon_RN
rinap-rinap4/Q003336	Neo-Assyrian	Royal Inscription	Esarhaddon_RN
rinap-rinap4/Q003338	Neo-Assyrian	Royal Inscription	Esarhaddon_RN
rinap-rinap4/Q003340	Neo-Assyrian	Royal Inscription	Esarhaddon_RN
rinap-rinap4/Q003342	Neo-Assyrian	Royal Inscription	Esarhaddon_RN
rinap-rinap4/Q003343	Neo-Assyrian	Royal Inscription	Esarhaddon_RN
rinap-rinap4/Q003345	Neo-Assyrian	Royal Inscription	Esarhaddon_RN
rinap-rinap4/Q003347	Neo-Assyrian	Royal Inscription	Esarhaddon_RN
rinap-rinap4/Q003348	Neo-Assyrian	Royal Inscription	Esarhaddon_RN
rinap-rinap4/Q003349	Neo-Assyrian	Royal Inscription	Esarhaddon_RN
rinap-rinap4/Q003350	Neo-Assyrian	Royal Inscription	Esarhaddon_RN
rinap-rinap4/Q003351	Neo-Assyrian	Royal Inscription	Esarhaddon_RN
rinap-rinap4/Q003352	Neo-Assyrian	Royal Inscription	Esarhaddon_RN
rinap-rinap4/Q003353	Neo-Assyrian	Royal Inscription	Esarhaddon_RN
rinap-rinap4/Q003354	Neo-Assyrian	Royal Inscription	Esarhaddon_RN
rinap-rinap4/Q003357	Neo-Assyrian	Royal Inscription	Esarhaddon_RN
rinap-rinap4/Q003358	Neo-Assyrian	Royal Inscription	Esarhaddon_RN
rinap-rinap4/Q003360	Neo-Assyrian	Royal Inscription	Esarhaddon_RN
rinap-rinap4/Q003361	Neo-Assyrian	Royal Inscription	Esarhaddon_RN
rinap-rinap4/Q003362	Neo-Assyrian	Royal Inscription	Esarhaddon_RN
rinap-rinap4/Q003363	Neo-Assyrian	Royal Inscription	Esarhaddon_RN
rinap-rinap4/Q003364	Neo-Assyrian	Royal Inscription	Esarhaddon_RN
rinap-rinap4/Q003365	Neo-Assyrian	Royal Inscription	Esarhaddon_RN
rinap-rinap4/Q003366	Neo-Assyrian	Royal Inscription	Esarhaddon_RN
rinap-rinap4/Q003367	Neo-Assyrian	Royal Inscription	Esarhaddon_RN
rinap-rinap4/Q003368	Neo-Assyrian	Royal Inscription	Esarhaddon_RN
rinap-rinap4/Q003369	Neo-Assyrian	Royal Inscription	Esarhaddon_RN
rinap-rinap4/Q003371	Neo-Assyrian	Royal Inscription	Esarhaddon_RN
rinap-rinap4/Q003372	Neo-Assyrian	Royal Inscription	Esarhaddon_RN
rinap-rinap4/Q003374	Neo-Assyrian	Royal Inscription	Esarhaddon_RN
rinap-rinap4/Q003379	Neo-Assyrian	Royal Inscription	Esarhaddon_RN
rinap-rinap4/Q003382	Neo-Assyrian	Royal Inscription	Esarhaddon_RN
rinap-rinap4/Q003384	Neo-Assyrian	Royal Inscription	Esarhaddon_RN
rinap-rinap4/Q003388	Neo-Assyrian	Royal Inscription	Esarhaddon_RN
rinap-rinap4/Q003389	Neo-Assyrian	Royal Inscription	Esarhaddon_RN
rinap-rinap4/Q003390	Neo-Assyrian	Royal Inscription	Esarhaddon_RN
rinap-rinap4/Q003405	Neo-Assyrian	Royal Inscription	Esarhaddon_RN
rinap-rinap4/Q003406	Neo-Assyrian	Royal Inscription	Esarhaddon_RN
rinap-rinap4/Q003412	Neo-Assyrian	Royal Inscription	Esarhaddon_RN
rinap-rinap5/Q003700	Neo-Assyrian	Royal Inscription	Ashurbanipal_RN
rinap-rinap5/Q003701	Neo-Assyrian	Royal Inscription	Ashurbanipal_RN
rinap-rinap5/Q003702	Neo-Assyrian	Royal Inscription	Ashurbanipal_RN
rinap-rinap5/Q003703	Neo-Assyrian	Royal Inscription	Ashurbanipal_RN
rinap-rinap5/Q003704	Neo-Assyrian	Royal Inscription	Ashurbanipal_RN
rinap-rinap5/Q003705	Neo-Assyrian	Royal Inscription	Ashurbanipal_RN
rinap-rinap5/Q003706	Neo-Assyrian	Royal Inscription	Ashurbanipal_RN
rinap-rinap5/Q003707	Neo-Assyrian	Royal Inscription	Ashurbanipal_RN
rinap-rinap5/Q003708	Neo-Assyrian	Royal Inscription	Ashurbanipal_RN
rinap-rinap5/Q003709	Neo-Assyrian	Royal Inscription	Ashurbanipal_RN
rinap-rinap5/Q003710	Neo-Assyrian	Royal Inscription	Ashurbanipal_RN
rinap-rinap5/Q003711	Neo-Assyrian	Royal Inscription	Ashurbanipal_RN
rinap-rinap5/Q003712	Neo-Assyrian	Royal Inscription	Ashurbanipal_RN
rinap-rinap5/Q003713	Neo-Assyrian	Royal Inscription	Ashurbanipal_RN
rinap-rinap5/Q003714	Neo-Assyrian	Royal Inscription	Ashurbanipal_RN
rinap-rinap5/Q003715	Neo-Assyrian	Royal Inscription	Ashurbanipal_RN
rinap-rinap5/Q003716	Neo-Assyrian	Royal Inscription	Ashurbanipal_RN
rinap-rinap5/Q003717	Neo-Assyrian	Royal Inscription	Ashurbanipal_RN
rinap-rinap5/Q003718	Neo-Assyrian	Royal Inscription	Ashurbanipal_RN
rinap-rinap5/Q003719	Neo-Assyrian	Royal Inscription	Ashurbanipal_RN
rinap-rinap5/Q003720	Neo-Assyrian	Royal Inscription	Ashurbanipal_RN
rinap-rinap5/Q003721	Neo-Assyrian	Royal Inscription	Ashurbanipal_RN
rinap-rinap5/Q003722	Neo-Assyrian	Royal Inscription	Ashurbanipal_RN
rinap-rinap5/Q003725	Neo-Assyrian	Royal Inscription	Ashurbanipal_RN
rinap-rinap5/Q003734	Neo-Assyrian	Royal Inscription	Ashurbanipal_RN
rinap-rinap5/Q003735	Neo-Assyrian	Royal Inscription	Ashurbanipal_RN
rinap-rinap5/Q003742	Neo-Assyrian	Royal Inscription	Ashurbanipal_RN
rinap-rinap5/Q003745	Neo-Assyrian	Royal Inscription	Ashurbanipal_RN
rinap-rinap5/Q003746	Neo-Assyrian	Royal Inscription	Ashurbanipal_RN
rinap-rinap5/Q003748	Neo-Assyrian	Royal Inscription	Ashurbanipal_RN
rinap-rinap5/Q003749	Neo-Assyrian	Royal Inscription	Ashurbanipal_RN
rinap-rinap5/Q003750	Neo-Assyrian	Royal Inscription	Ashurbanipal_RN
rinap-rinap5/Q003753	Neo-Assyrian	Royal Inscription	Ashurbanipal_RN
rinap-rinap5/Q003754	Neo-Assyrian	Royal Inscription	Ashurbanipal_RN
rinap-rinap5/Q003755	Neo-Assyrian	Royal Inscription	Ashurbanipal_RN
rinap-rinap5/Q003756	Neo-Assyrian	Royal Inscription	Ashurbanipal_RN
rinap-rinap5/Q003757	Neo-Assyrian	Royal Inscription	Ashurbanipal_RN
rinap-rinap5/Q003758	Neo-Assyrian	Royal Inscription	Ashurbanipal_RN
rinap-rinap5/Q003759	Neo-Assyrian	Royal Inscription	Ashurbanipal_RN
rinap-rinap5/Q003760	Neo-Assyrian	Royal Inscription	Ashurbanipal_RN
rinap-rinap5/Q003761	Neo-Assyrian	Royal Inscription	Ashurbanipal_RN
rinap-rinap5/Q003762	Neo-Assyrian	Royal Inscription	Ashurbanipal_RN
rinap-rinap5/Q003771	Neo-Assyrian	Royal Inscription	Ashurbanipal_RN
rinap-rinap5/Q003772	Neo-Assyrian	Royal Inscription	Ashurbanipal_RN
rinap-rinap5/Q003773	Neo-Assyrian	Royal Inscription	Ashurbanipal_RN
rinap-rinap5/Q003774	Neo-Assyrian	Royal Inscription	Ashurbanipal_RN
rinap-rinap5/Q003799	Neo-Assyrian	Royal Inscription	Ashurbanipal_RN
rinap-rinap5/Q003800	Neo-Assyrian	Royal Inscription	Ashurbanipal_RN
rinap-rinap5/Q003801	Neo-Assyrian	Royal Inscription	Ashurbanipal_RN
rinap-rinap5/Q003802	Neo-Assyrian	Royal Inscription	Ashurbanipal_RN
rinap-rinap5/Q003803	Neo-Assyrian	Royal Inscription	Ashurbanipal_RN
rinap-rinap5/Q003804	Neo-Assyrian	Royal Inscription	Ashurbanipal_RN
rinap-rinap5/Q003805	Neo-Assyrian	Royal Inscription	Ashurbanipal_RN
rinap-rinap5/Q003806	Neo-Assyrian	Royal Inscription	Ashurbanipal_RN
rinap-rinap5/Q003808	Neo-Assyrian	Royal Inscription	Ashurbanipal_RN
rinap-rinap5/Q003809	Neo-Assyrian	Royal Inscription	Ashurbanipal_RN
rinap-rinap5/Q003810	Neo-Assyrian	Royal Inscription	Ashurbanipal_RN
rinap-rinap5/Q003811	Neo-Assyrian	Royal Inscription	Ashurbanipal_RN
rinap-rinap5/Q003812	Neo-Assyrian	Royal Inscription	Ashurbanipal_RN
rinap-rinap5/Q003813	Neo-Assyrian	Royal Inscription	Ashurbanipal_RN
rinap-rinap5/Q003814	Neo-Assyrian	Royal Inscription	Ashurbanipal_RN
rinap-rinap5/Q003815	Neo-Assyrian	Royal Inscription	Ashurbanipal_RN
rinap-rinap5/Q003818	Neo-Assyrian	Royal Inscription	Ashurbanipal_RN
rinap-rinap5/Q003819	Neo-Assyrian	Royal Inscription	Ashurbanipal_RN
rinap-rinap5/Q003842	Neo-Assyrian	Royal Inscription	Ashurbanipal_RN
rinap-rinap5/Q003843	Neo-Assyrian	Royal Inscription	Ashurbanipal_RN
rinap-rinap5/Q003859	Neo-Assyrian	Royal Inscription	Aššur-etel-ilani_RN
rinap-rinap5/Q003860	Neo-Assyrian	Royal Inscription	Aššur-etel-ilani_RN
rinap-rinap5/Q003862	Neo-Assyrian	Royal Inscription	Sin-šarru-iškun_RN
rinap-rinap5/Q003863	Neo-Assyrian	Royal Inscription	Sin-šarru-iškun_RN
rinap-rinap5/Q003864	Neo-Assyrian	Royal Inscription	Sin-šarru-iškun_RN
rinap-rinap5/Q003867	Neo-Assyrian	Royal Inscription	Sin-šarru-iškun_RN
rinap-rinap5/Q003868	Neo-Assyrian	Royal Inscription	Sin-šarru-iškun_RN
rinap-rinap5/Q003869	Neo-Assyrian	Royal Inscription	Sin-šarru-iškun_RN
rinap-rinap5/Q003871	Neo-Assyrian	Royal Inscription	Sin-šarru-iškun_RN
rinap-rinap5/Q003872	Neo-Assyrian	Royal Inscription	Sin-šarru-iškun_RN
rinap-rinap5/Q003873	Neo-Assyrian	Royal Inscription	Sin-šarru-iškun_RN
rinap-rinap5/Q003874	Neo-Assyrian	Royal Inscription	Sin-šarru-iškun_RN
rinap-rinap5/Q003878	Neo-Assyrian	Royal Inscription	Sin-šarru-iškun_RN
rinap-rinap5/Q003879	Neo-Assyrian	Royal Inscription	Sin-šarru-iškun_RN
rinap-rinap5/Q003880	Neo-Assyrian	Royal Inscription	Sin-šarru-iškun_RN
rinap-szar2gina2019/Q006482	Neo-Assyrian	Royal Inscription	Sargon_II_RN
rinap-szar2gina2019/Q006483	Neo-Assyrian	Royal Inscription	Sargon_II_RN
rinap-szar2gina2019/Q006485	Neo-Assyrian	Royal Inscription	Sargon_II_RN
rinap-szar2gina2019/Q006488	Neo-Assyrian	Royal Inscription	Sargon_II_RN
rinap-szar2gina2019/Q006489	Neo-Assyrian	Royal Inscription	Sargon_II_RN
rinap-szar2gina2019/Q006490	Neo-Assyrian	Royal Inscription	Sargon_II_RN
rinap-szar2gina2019/Q006493	Neo-Assyrian	Royal Inscription	Sargon_II_RN
rinap-szar2gina2019/Q006495	Neo-Assyrian	Royal Inscription	Sargon_II_RN
rinap-szar2gina2019/Q006497	Neo-Assyrian	Royal Inscription	Sargon_II_RN
rinap-szar2gina2019/Q006498	Neo-Assyrian	Royal Inscription	Sargon_II_RN
rinap-szar2gina2019/Q006499	Neo-Assyrian	Royal Inscription	Sargon_II_RN
rinap-szar2gina2019/Q006500	Neo-Assyrian	Royal Inscription	Sargon_II_RN
rinap-szar2gina2019/Q006501	Neo-Assyrian	Royal Inscription	Sargon_II_RN
rinap-szar2gina2019/Q006503	Neo-Assyrian	Royal Inscription	Sargon_II_RN
rinap-szar2gina2019/Q006522	Neo-Assyrian	Royal Inscription	Sargon_II_RN
rinap-szar2gina2019/Q006524	Neo-Assyrian	Royal Inscription	Sargon_II_RN
rinap-szar2gina2019/Q006525	Neo-Assyrian	Royal Inscription	Sargon_II_RN
rinap-szar2gina2019/Q006526	Neo-Assyrian	Royal Inscription	Sargon_II_RN
rinap-szar2gina2019/Q006527	Neo-Assyrian	Royal Inscription	Sargon_II_RN
rinap-szar2gina2019/Q006528	Neo-Assyrian	Royal Inscription	Sargon_II_RN
rinap-szar2gina2019/Q006529	Neo-Assyrian	Royal Inscription	Sargon_II_RN
rinap-szar2gina2019/Q006530	Neo-Assyrian	Royal Inscription	Sargon_II_RN
rinap-szar2gina2019/Q006531	Neo-Assyrian	Royal Inscription	Sargon_II_RN
rinap-szar2gina2019/Q006535	Neo-Assyrian	Royal Inscription	Sargon_II_RN
rinap-szar2gina2019/Q006536	Neo-Assyrian	Royal Inscription	Sargon_II_RN
rinap-szar2gina2019/Q006538	Neo-Assyrian	Royal Inscription	Sargon_II_RN
rinap-szar2gina2019/Q006542	Neo-Assyrian	Royal Inscription	Sargon_II_RN
rinap-szar2gina2019/Q006544	Neo-Assyrian	Royal Inscription	Sargon_II_RN
rinap-szar2gina2019/Q006545	Neo-Assyrian	Royal Inscription	Sargon_II_RN
rinap-szar2gina2019/Q006546	Neo-Assyrian	Royal Inscription	Sargon_II_RN
rinap-szar2gina2019/Q006548	Neo-Assyrian	Royal Inscription	Sargon_II_RN
rinap-szar2gina2019/Q006549	Neo-Assyrian	Royal Inscription	Sargon_II_RN
rinap-szar2gina2019/Q006550	Neo-Assyrian	Royal Inscription	Sargon_II_RN
rinap-szar2gina2019/Q006551	Neo-Assyrian	Royal Inscription	Sargon_II_RN
rinap-szar2gina2019/Q006553	Neo-Assyrian	Royal Inscription	Sargon_II_RN
rinap-szar2gina2019/Q006554	Neo-Assyrian	Royal Inscription	Sargon_II_RN
rinap-szar2gina2019/Q006555	Neo-Assyrian	Royal Inscription	Sargon_II_RN
rinap-szar2gina2019/Q006557	Neo-Assyrian	Royal Inscription	Sargon_II_RN
rinap-szar2gina2019/Q006561	Neo-Assyrian	Royal Inscription	Sargon_II_RN
rinap-szar2gina2019/Q006562	Neo-Assyrian	Royal Inscription	Sargon_II_RN
rinap-szar2gina2019/Q006563	Neo-Assyrian	Royal Inscription	Sargon_II_RN
rinap-szar2gina2019/Q006564	Neo-Assyrian	Royal Inscription	Sargon_II_RN
rinap-szar2gina2019/Q006565	Neo-Assyrian	Royal Inscription	Sargon_II_RN
rinap-szar2gina2019/Q006568	Neo-Assyrian	Royal Inscription	Sargon_II_RN
rinap-szar2gina2019/Q006570	Neo-Assyrian	Royal Inscription	Sargon_II_RN
rinap-szar2gina2019/Q006573	Neo-Assyrian	Royal Inscription	Sargon_II_RN
rinap-szar2gina2019/Q006576	Neo-Assyrian	Royal Inscription	Sargon_II_RN
rinap-szar2gina2019/Q006580	Neo-Assyrian	Royal Inscription	Sargon_II_RN
rinap-szar2gina2019/Q006581	Neo-Assyrian	Royal Inscription	Sargon_II_RN
rinap-szar2gina2019/Q006584	Neo-Assyrian	Royal Inscription	Sargon_II_RN
rinap-szar2gina2019/Q006586	Neo-Assyrian	Royal Inscription	Sargon_II_RN
rinap-szar2gina2019/Q006587	Neo-Assyrian	Royal Inscription	Sargon_II_RN
rinap-szar2gina2019/Q006588	Neo-Assyrian	Royal Inscription	Sargon_II_RN
rinap-szar2gina2019/Q006590	Neo-Assyrian	Royal Inscription	Sargon_II_RN
rinap-szar2gina2019/Q006592	Neo-Assyrian	Royal Inscription	Sargon_II_RN
rinap-szar2gina2019/Q006594	Neo-Assyrian	Royal Inscription	Sargon_II_RN
rinap-szar2gina2019/Q006596	Neo-Assyrian	Royal Inscription	Sargon_II_RN
rinap-szar2gina2019/Q006597	Neo-Assyrian	Royal Inscription	Sargon_II_RN
rinap-szar2gina2019/Q006598	Neo-Assyrian	Royal Inscription	Sargon_II_RN
rinap-szar2gina2019/Q006599	Neo-Assyrian	Royal Inscription	Sargon_II_RN
rinap-szar2gina2019/Q006600	Neo-Assyrian	Royal Inscription	Sargon_II_RN
rinap-szar2gina2019/Q006603	Neo-Assyrian	Royal Inscription	Sargon_II_RN
rinap-szar2gina2019/Q006605	Neo-Assyrian	Royal Inscription	Sargon_II_RN
rinap-szar2gina2019/Q006609	Neo-Assyrian	Royal Inscription	Sargon_II_RN
rinap-szar2gina2019/Q006610	Neo-Assyrian	Royal Inscription	Sargon_II_RN
saao-saa02/P336216	Neo-Assyrian	Treaty	Esarhaddon
saao-saa02/P336598	Neo-Assyrian	Treaty	Esarhaddon
saao-saa03/P238321	Neo-Assyrian	Literary Work	Ashurbanipal
saao-saa03/P334926	Neo-Assyrian	Literary Work	Ashurbanipal
saao-saa03/P334930	Neo-Assyrian	Literary Work	Ashurbanipal
saao-saa03/P334931	Neo-Assyrian	Literary Work	Sargon II
saao-saa03/P336130	Neo-Assyrian	Literary Work	uncertain
saao-saa03/P336175	Neo-Assyrian	Literary Work	Ashurbanipal
saao-saa03/P336242	Neo-Assyrian	Literary Work	Ashurbanipal
saao-saa03/P336306	Neo-Assyrian	Literary Work	Ashurbanipal
saao-saa03/P336604	Neo-Assyrian	Literary Work	Esarhaddon
saao-saa04/P236925	Neo-Assyrian	Extispicy Query	Esarhaddon
saao-saa04/P236956	Neo-Assyrian	Extispicy Query	Esarhaddon
saao-saa04/P237224	Neo-Assyrian	Extispicy Query	Esarhaddon
saao-saa04/P237360	Neo-Assyrian	Extispicy Query	Esarhaddon
saao-saa04/P237361	Neo-Assyrian	Extispicy Query	Esarhaddon
saao-saa04/P237363	Neo-Assyrian	Extispicy Query	Esarhaddon
saao-saa04/P237374	Neo-Assyrian	Extispicy Query	Esarhaddon
saao-saa04/P237412	Neo-Assyrian	Extispicy Query	Esarhaddon
saao-saa04/P237479	Neo-Assyrian	Extispicy Query	Esarhaddon
saao-saa04/P237483	Neo-Assyrian	Extispicy Query	Esarhaddon
saao-saa04/P237534	Neo-Assyrian	Extispicy Query	Esarhaddon
saao-saa04/P237536	Neo-Assyrian	Extispicy Query	Ashurbanipal
saao-saa04/P237538	Neo-Assyrian	Extispicy Query	Esarhaddon
saao-saa04/P237711	Neo-Assyrian	Extispicy Query	Esarhaddon
saao-saa04/P237797	Neo-Assyrian	Extispicy Query	Esarhaddon
saao-saa04/P238341	Neo-Assyrian	Extispicy Report	Ashurbanipal
saao-saa04/P238601	Neo-Assyrian	Extispicy Query	Esarhaddon
saao-saa04/P238755	Neo-Assyrian	Extispicy Report	Ashurbanipal
saao-saa04/P238962	Neo-Assyrian	Extispicy Query	Ashurbanipal
saao-saa04/P238965	Neo-Assyrian	Extispicy Query	Esarhaddon
saao-saa04/P238966	Neo-Assyrian	Extispicy Query	Ashurbanipal
saao-saa04/P238967	Neo-Assyrian	Extispicy Query	Esarhaddon
saao-saa04/P238968	Neo-Assyrian	Extispicy Query	Esarhaddon
saao-saa04/P238974	Neo-Assyrian	Extispicy Query	Esarhaddon
saao-saa04/P238978	Neo-Assyrian	Extispicy Query	Esarhaddon
saao-saa04/P238979	Neo-Assyrian	Extispicy Query	Esarhaddon
saao-saa04/P238980	Neo-Assyrian	Extispicy Query	Esarhaddon
saao-saa04/P238985	Neo-Assyrian	Extispicy Query	Esarhaddon
saao-saa04/P238988	Neo-Assyrian	Extispicy Query	Esarhaddon
saao-saa04/P238989	Neo-Assyrian	Extispicy Query	Ashurbanipal
saao-saa04/P238995	Neo-Assyrian	Extispicy Query	Esarhaddon
saao-saa04/P238996	Neo-Assyrian	Extispicy Query	Esarhaddon
saao-saa04/P239086	Neo-Assyrian	Extispicy Query	Esarhaddon
saao-saa04/P240244	Neo-Assyrian	Extispicy Query	Esarhaddon
saao-saa04/P240279	Neo-Assyrian	Extispicy Query	Esarhaddon
saao-saa04/P240298	Neo-Assyrian	Extispicy Query	Esarhaddon
saao-saa04/P240393	Neo-Assyrian	Extispicy Query	Esarhaddon
saao-saa04/P240405	Neo-Assyrian	Extispicy Query	Esarhaddon
saao-saa04/P336045	Neo-Assyrian	Extispicy Query	Esarhaddon
saao-saa04/P336061	Neo-Assyrian	Extispicy Query	Esarhaddon
saao-saa04/P336062	Neo-Assyrian	Extispicy Query	Esarhaddon
saao-saa04/P336064	Neo-Assyrian	Extispicy Query	Esarhaddon
saao-saa04/P336066	Neo-Assyrian	Extispicy Query	Esarhaddon
saao-saa04/P336069	Neo-Assyrian	Extispicy Query	Esarhaddon
saao-saa04/P336074	Neo-Assyrian	Extispicy Query	Esarhaddon
saao-saa04/P336075	Neo-Assyrian	Extispicy Query	Esarhaddon
saao-saa04/P336076	Neo-Assyrian	Extispicy Query	Esarhaddon
saao-saa04/P336079	Neo-Assyrian	Extispicy Query	Esarhaddon
saao-saa04/P336081	Neo-Assyrian	Extispicy Query	Esarhaddon
saao-saa04/P336085	Neo-Assyrian	Extispicy Query	Ashurbanipal
saao-saa04/P336086	Neo-Assyrian	Extispicy Query	Esarhaddon
saao-saa04/P336088	Neo-Assyrian	Extispicy Query	Esarhaddon
saao-saa04/P336089	Neo-Assyrian	Extispicy Query	Esarhaddon
saao-saa04/P336111	Neo-Assyrian	Extispicy Query	Esarhaddon
saao-saa04/P336113	Neo-Assyrian	Extispicy Query	Esarhaddon
saao-saa04/P336115	Neo-Assyrian	Extispicy Query	Ashurbanipal
saao-saa04/P336116	Neo-Assyrian	Extispicy Query	Ashurbanipal
saao-saa04/P336329	Neo-Assyrian	Extispicy Query	Esarhaddon
saao-saa04/P336337	Neo-Assyrian	Extispicy Query	Esarhaddon
saao-saa04/P336340	Neo-Assyrian	Extispicy Query	Esarhaddon
saao-saa04/P336342	Neo-Assyrian	Extispicy Query	Esarhaddon
saao-saa04/P336344	Neo-Assyrian	Extispicy Query	Esarhaddon
saao-saa04/P336363	Neo-Assyrian	Extispicy Report	Ashurbanipal
saao-saa04/P336610	Neo-Assyrian	Extispicy Query	Esarhaddon
saao-saa04/P336619	Neo-Assyrian	Extispicy Query	Esarhaddon
saao-saa04/P336620	Neo-Assyrian	Extispicy Query	Esarhaddon
saao-saa04/P336627	Neo-Assyrian	Extispicy Query	Ashurbanipal
saao-saa09/P334928	Neo-Assyrian	Prophecy	Esarhaddon
saao-saa09/P337163	Neo-Assyrian	Prophecy	Ashurbanipal
saao-saa12/P235242	Neo-Assyrian	Decree	Adad-nerari III
saao-saa12/P285569	Neo-Assyrian	Grant	Adad-nerari III
saao-saa12/P335554	Neo-Assyrian	Votive Donation	Ashurbanipal
saao-saa12/P336273	Neo-Assyrian	Grant	Sargon II
saao-saa12/P336274	Neo-Assyrian	Grant	Sennacherib
saao-saa12/P336275	Neo-Assyrian	Grant	Sennacherib
saao-saa12/P336283	Neo-Assyrian	Decree	Adad-nerari III
saao-saa12/P336287	Neo-Assyrian	Decree	Šamsi-Adad V and Adad-nerari III
saao-saa12/P336316	Neo-Assyrian	Votive Donation	Sennacherib
saao-saa20/P285518	Neo-Assyrian	Royal Ritual	uncertain
saao-saa20/P336139	Neo-Assyrian	Royal Ritual	Ashurbanipal
saao-saa20/P336140	Neo-Assyrian	Royal Ritual	uncertain
saao-saa20/P336232	Neo-Assyrian	Royal Ritual	Aššur-etel-ilani
saao-saa21/P395556	Neo-Assyrian	Administrative Letter	Assurbanipal
saao-saas2/P338364	Neo-Assyrian	Eponym Chronicle	uncertain
saao-saas2/P424937	Neo-Assyrian	Eponym Chronicle	uncertain
saao-saas2/Q007771	Neo-Assyrian	Eponym List	uncertain
