Text		Period		Genre		Languages		wordLanguages		Provenance		Ruler
riao/Q004455	Neo-Assyrian	Royal Inscription	Akkadian	akk:	Nimrud	Ashurnasirpal_II_RN
riao/Q004456	Neo-Assyrian	Royal Inscription	Akkadian	akk:	Nimrud	Ashurnasirpal_II_RN
riao/Q004457	Neo-Assyrian	Royal Inscription	Akkadian	akk:	Nimrud	Ashurnasirpal_II_RN
riao/Q004471	Neo-Assyrian	Royal Inscription	Akkadian	akk:	Nimrud	Ashurnasirpal_II_RN
riao/Q004472	Neo-Assyrian	Royal Inscription	Akkadian	akk:	Nineveh	Ashurnasirpal_II_RN
riao/Q004473	Neo-Assyrian	Royal Inscription	Akkadian	akk:	Kurkh	Ashurnasirpal_II_RN
riao/Q004474	Neo-Assyrian	Royal Inscription	Akkadian	akk:	Babil	Ashurnasirpal_II_RN
riao/Q004475	Neo-Assyrian	Royal Inscription	Akkadian	akk:	Ashur	Ashurnasirpal_II_RN
riao/Q004477	Neo-Assyrian	Royal Inscription	Akkadian	akk:	Nimrud	Ashurnasirpal_II_RN
riao/Q004478	Neo-Assyrian	Royal Inscription	Akkadian	akk:	Nimrud	Ashurnasirpal_II_RN
riao/Q004480	Neo-Assyrian	Royal Inscription	Akkadian	akk:	Nimrud	Ashurnasirpal_II_RN
riao/Q004482	Neo-Assyrian	Royal Inscription	Akkadian	akk:	Nimrud	Ashurnasirpal_II_RN
riao/Q004483	Neo-Assyrian	Royal Inscription	Akkadian	akk:	Nimrud	Ashurnasirpal_II_RN
riao/Q004484	Neo-Assyrian	Royal Inscription	Akkadian	akk:	Nimrud	Ashurnasirpal_II_RN
riao/Q004485	Neo-Assyrian	Royal Inscription	Akkadian	akk:	Nimrud	Ashurnasirpal_II_RN
riao/Q004486	Neo-Assyrian	Royal Inscription	Akkadian	akk:	Nimrud	Ashurnasirpal_II_RN
riao/Q004487	Neo-Assyrian	Royal Inscription	Akkadian	akk:	Nineveh	Ashurnasirpal_II_RN
riao/Q004488	Neo-Assyrian	Royal Inscription	Akkadian	akk:	Nimrud	Ashurnasirpal_II_RN
riao/Q004489	Neo-Assyrian	Royal Inscription	Akkadian	akk:	Nimrud	Ashurnasirpal_II_RN
riao/Q004492	Neo-Assyrian	Royal Inscription	Akkadian	akk:	Nimrud	Ashurnasirpal_II_RN
riao/Q004493	Neo-Assyrian	Royal Inscription	Akkadian	akk:	Nimrud	Ashurnasirpal_II_RN
riao/Q004494	Neo-Assyrian	Royal Inscription	Akkadian	akk:	Nineveh	Ashurnasirpal_II_RN
riao/Q004495	Neo-Assyrian	Royal Inscription	Akkadian	akk:	Nineveh	Ashurnasirpal_II_RN
riao/Q004497	Neo-Assyrian	Royal Inscription	Akkadian	akk:	Nineveh	Ashurnasirpal_II_RN
riao/Q004499	Neo-Assyrian	Royal Inscription	Akkadian	akk:	Nineveh	Ashurnasirpal_II_RN
riao/Q004500	Neo-Assyrian	Royal Inscription	Akkadian	akk:	Nineveh	Ashurnasirpal_II_RN
riao/Q004501	Neo-Assyrian	Royal Inscription	Akkadian	akk:	Nineveh	Ashurnasirpal_II_RN
riao/Q004502	Neo-Assyrian	Royal Inscription	Akkadian	akk:	Nineveh	Ashurnasirpal_II_RN
riao/Q004503	Neo-Assyrian	Royal Inscription	Akkadian	akk:	Nineveh	Ashurnasirpal_II_RN
riao/Q004504	Neo-Assyrian	Royal Inscription	Akkadian	akk:	Imgur-Enlil	Ashurnasirpal_II_RN
riao/Q004505	Neo-Assyrian	Royal Inscription	Akkadian	akk:	Imgur-Enlil	Ashurnasirpal_II_RN
riao/Q004506	Neo-Assyrian	Royal Inscription	Akkadian	akk:	Ashur	Ashurnasirpal_II_RN
riao/Q004509	Neo-Assyrian	Royal Inscription	Akkadian	akk:	Nimrud	Ashurnasirpal_II_RN
riao/Q004510	Neo-Assyrian	Royal Inscription	Akkadian	akk:	Nineveh	Ashurnasirpal_II_RN
riao/Q004511	Neo-Assyrian	Royal Inscription	Akkadian	akk:	Nineveh	Ashurnasirpal_II_RN
riao/Q004513	Neo-Assyrian	Royal Inscription	Akkadian	akk:	Nineveh	Ashurnasirpal_II_RN
riao/Q004520	Neo-Assyrian	Royal Inscription	Akkadian	akk:	Nineveh	Ashurnasirpal_II_RN
riao/Q004521	Neo-Assyrian	Royal Inscription	Akkadian	akk:	Ashur	Ashurnasirpal_II_RN
riao/Q004524	Neo-Assyrian	Royal Inscription	Akkadian	akk:	Tell Abu Marya	Ashurnasirpal_II_RN
riao/Q004552	Neo-Assyrian	Royal Inscription	Akkadian	akk:	Nimrud	Ashurnasirpal_II_RN
riao/Q004553	Neo-Assyrian	Royal Inscription	Akkadian	akk:	Nimrud	Ashurnasirpal_II_RN
riao/Q004554	Neo-Assyrian	Royal Inscription	Akkadian	akk:	Nimrud	Ashurnasirpal_II_RN
riao/Q004558	Neo-Assyrian	Royal Inscription	Akkadian	akk:	Nimrud	Ashurnasirpal_II_RN
riao/Q004563	Neo-Assyrian	Royal Inscription	Akkadian	akk:	Nimrud	Ashurnasirpal_II_RN
riao/Q004565	Neo-Assyrian	Royal Inscription	Akkadian	akk:	Nineveh	Ashurnasirpal_II_RN
riao/Q004566	Neo-Assyrian	Royal Inscription	Akkadian	akk:	Nineveh	Ashurnasirpal_II_RN
riao/Q004567	Neo-Assyrian	Royal Inscription	Akkadian	akk:	Nineveh	Ashurnasirpal_II_RN
riao/Q004572	Neo-Assyrian	Royal Inscription	Akkadian	akk:	Ashur	Ashurnasirpal_II_RN
riao/Q004574	Neo-Assyrian	Royal Inscription	Akkadian	akk:	Nimrud	Ashurnasirpal_II_RN
riao/Q004575	Neo-Assyrian	Royal Inscription	Akkadian	akk:	Nimrud	Ashurnasirpal_II_RN
riao/Q004576	Neo-Assyrian	Royal Inscription	Akkadian	akk:	Nimrud	Ashurnasirpal_II_RN
riao/Q004580	Neo-Assyrian	Royal Inscription	Akkadian	akk:	Nineveh	Ashurnasirpal_II_RN
riao/Q004581	Neo-Assyrian	Royal Inscription	Akkadian	akk:	Nineveh	Ashurnasirpal_II_RN
riao/Q004584	Neo-Assyrian	Royal Inscription	Akkadian	akk:	Nimrud	Ashurnasirpal_II_RN
riao/Q004585	Neo-Assyrian	Royal Inscription	Akkadian	akk:	Nimrud	Ashurnasirpal_II_RN
riao/Q004586	Neo-Assyrian	Royal Inscription	Akkadian	akk:	Nimrud	Ashurnasirpal_II_RN
riao/Q004587	Neo-Assyrian	Royal Inscription	Akkadian	akk:	Nineveh	Ashurnasirpal_II_RN
riao/Q004588	Neo-Assyrian	Royal Inscription	Akkadian	akk:	Nineveh	Ashurnasirpal_II_RN
riao/Q004589	Neo-Assyrian	Royal Inscription	Akkadian	akk:	Nineveh	Ashurnasirpal_II_RN
riao/Q004590	Neo-Assyrian	Royal Inscription	Akkadian	akk:	Nineveh	Ashurnasirpal_II_RN
riao/Q004592	Neo-Assyrian	Royal Inscription	Akkadian	akk:	Ashur	Ashurnasirpal_II_RN
riao/Q004602	Neo-Assyrian	Royal Inscription	Akkadian	akk:	Tell Fekherye	Ashurnasirpal_II_RN
riao/Q004606	Neo-Assyrian	Royal Inscription	Akkadian	akk:	Nimrud	Shalmaneser_III_RN
riao/Q004607	Neo-Assyrian	Royal Inscription	Akkadian	akk:	Nimrud	Shalmaneser_III_RN
riao/Q004608	Neo-Assyrian	Royal Inscription	Akkadian	akk:	Nimrud	Shalmaneser_III_RN
riao/Q004609	Neo-Assyrian	Royal Inscription	Akkadian	akk:	Til-Barsip	Shalmaneser_III_RN
riao/Q004610	Neo-Assyrian	Royal Inscription	Akkadian	akk:	Imgur-Enlil	Shalmaneser_III_RN
riao/Q004611	Neo-Assyrian	Royal Inscription	Akkadian	akk:	Ashur	Shalmaneser_III_RN
riao/Q004613	Neo-Assyrian	Royal Inscription	Akkadian	akk:	Nimrud	Shalmaneser_III_RN
riao/Q004614	Neo-Assyrian	Royal Inscription	Akkadian	akk:	Ashur	Shalmaneser_III_RN
riao/Q004615	Neo-Assyrian	Royal Inscription	Akkadian	akk:	Ashur	Shalmaneser_III_RN
riao/Q004616	Neo-Assyrian	Royal Inscription	Akkadian	akk:	Ashur	Shalmaneser_III_RN
riao/Q004617	Neo-Assyrian	Royal Inscription	Akkadian	akk:	Nimrud	Shalmaneser_III_RN
riao/Q004619	Neo-Assyrian	Royal Inscription	Akkadian	akk:	Nimrud	Shalmaneser_III_RN
riao/Q004621	Neo-Assyrian	Royal Inscription	Akkadian	akk:	Nimrud	Shalmaneser_III_RN
riao/Q004622	Neo-Assyrian	Royal Inscription	Akkadian	akk:	Huzirina	Shalmaneser_III_RN
riao/Q004623	Neo-Assyrian	Royal Inscription	Akkadian	akk:	Ashur	Shalmaneser_III_RN
riao/Q004624	Neo-Assyrian	Royal Inscription	Akkadian	akk:	Nimrud	Shalmaneser_III_RN
riao/Q004625	Neo-Assyrian	Royal Inscription	Akkadian	akk:	Kenk Boğazı	Shalmaneser_III_RN
riao/Q004626	Neo-Assyrian	Royal Inscription	Akkadian	akk:	Tigris Tunnel	Shalmaneser_III_RN
riao/Q004627	Neo-Assyrian	Royal Inscription	Akkadian	akk:	Tigris Tunnel	Shalmaneser_III_RN
riao/Q004628	Neo-Assyrian	Royal Inscription	Akkadian	akk:	Tigris Tunnel	Shalmaneser_III_RN
riao/Q004629	Neo-Assyrian	Royal Inscription	Akkadian	akk:	Tigris Tunnel	Shalmaneser_III_RN
riao/Q004630	Neo-Assyrian	Royal Inscription	Akkadian	akk:	Ashur	Shalmaneser_III_RN
riao/Q004631	Neo-Assyrian	Royal Inscription	Akkadian	akk:	Ashur	Shalmaneser_III_RN
riao/Q004632	Neo-Assyrian	Royal Inscription	Akkadian	akk:	Ashur	Shalmaneser_III_RN
riao/Q004633	Neo-Assyrian	Royal Inscription	Akkadian	akk:	Nimrud	Shalmaneser_III_RN
riao/Q004634	Neo-Assyrian	Royal Inscription	Akkadian	akk:	Nimrud	Shalmaneser_III_RN
riao/Q004635	Neo-Assyrian	Royal Inscription	Akkadian	akk:	Nimrud	Shalmaneser_III_RN
riao/Q004636	Neo-Assyrian	Royal Inscription	Akkadian	akk:	Nimrud	Shalmaneser_III_RN
riao/Q004637	Neo-Assyrian	Royal Inscription	Akkadian	akk:	Nimrud	Shalmaneser_III_RN
riao/Q004638	Neo-Assyrian	Royal Inscription	Akkadian	akk:	Nimrud	Shalmaneser_III_RN
riao/Q004639	Neo-Assyrian	Royal Inscription	Akkadian	akk:	Nimrud	Shalmaneser_III_RN
riao/Q004640	Neo-Assyrian	Royal Inscription	Akkadian	akk:	Nimrud	Shalmaneser_III_RN
riao/Q004641	Neo-Assyrian	Royal Inscription	Akkadian	akk:	Nimrud	Shalmaneser_III_RN
riao/Q004642	Neo-Assyrian	Royal Inscription	Akkadian	akk:	Nimrud	Shalmaneser_III_RN
riao/Q004643	Neo-Assyrian	Royal Inscription	Akkadian	akk:	Nimrud	Shalmaneser_III_RN
riao/Q004644	Neo-Assyrian	Royal Inscription	Akkadian	akk:	Ashur	Shalmaneser_III_RN
riao/Q004645	Neo-Assyrian	Royal Inscription	Akkadian	akk:	Ashur	Shalmaneser_III_RN
riao/Q004646	Neo-Assyrian	Royal Inscription	Akkadian	akk:	Tell al-Hawa	Shalmaneser_III_RN
riao/Q004647	Neo-Assyrian	Royal Inscription	Akkadian	akk:	Ashur	Shalmaneser_III_RN
riao/Q004648	Neo-Assyrian	Royal Inscription	Akkadian	akk:	Ashur	Shalmaneser_III_RN
riao/Q004649	Neo-Assyrian	Royal Inscription	Akkadian	akk:	Ashur	Shalmaneser_III_RN
riao/Q004651	Neo-Assyrian	Royal Inscription	Akkadian	akk:	Ashur	Shalmaneser_III_RN
riao/Q004652	Neo-Assyrian	Royal Inscription	Akkadian	akk:	Ashur	Shalmaneser_III_RN
riao/Q004653	Neo-Assyrian	Royal Inscription	Akkadian	akk:	Ashur	Shalmaneser_III_RN
riao/Q004654	Neo-Assyrian	Royal Inscription	Akkadian	akk:	Ashur	Shalmaneser_III_RN
riao/Q004655	Neo-Assyrian	Royal Inscription	Akkadian	akk:	Ashur	Shalmaneser_III_RN
riao/Q004656	Neo-Assyrian	Royal Inscription	Akkadian	akk:	Ashur	Shalmaneser_III_RN
riao/Q004657	Neo-Assyrian	Royal Inscription	Akkadian	akk:	Ashur	Shalmaneser_III_RN
riao/Q004658	Neo-Assyrian	Royal Inscription	Akkadian	akk:	Ashur	Shalmaneser_III_RN
riao/Q004659	Neo-Assyrian	Royal Inscription	Akkadian	akk:	Ashur	Shalmaneser_III_RN
riao/Q004660	Neo-Assyrian	Royal Inscription	Akkadian	akk:	Ashur	Shalmaneser_III_RN
riao/Q004661	Neo-Assyrian	Royal Inscription	Akkadian	akk:	Nimrud	Shalmaneser_III_RN
riao/Q004662	Neo-Assyrian	Royal Inscription	Akkadian	akk:	Nimrud	Shalmaneser_III_RN
riao/Q004663	Neo-Assyrian	Royal Inscription	Akkadian	akk:	Šibaniba	Shalmaneser_III_RN
riao/Q004697	Neo-Assyrian	Royal Inscription	Akkadian	akk:	Ashur	Shalmaneser_III_RN
riao/Q004698	Neo-Assyrian	Royal Inscription	Akkadian	akk:	Ashur	Shalmaneser_III_RN
riao/Q004699	Neo-Assyrian	Royal Inscription	Akkadian	akk:	Ashur	Shalmaneser_III_RN
riao/Q004700	Neo-Assyrian	Royal Inscription	Akkadian	akk:	Nineveh	Shalmaneser_III_RN
riao/Q004701	Neo-Assyrian	Royal Inscription	Akkadian	akk:	Tarbiṣu	Shalmaneser_III_RN
riao/Q004702	Neo-Assyrian	Royal Inscription	Akkadian	akk:	Assyria	Shalmaneser_III_RN
riao/Q004706	Neo-Assyrian	Royal Inscription	Akkadian	akk:	Ashur	Shalmaneser_III_RN
riao/Q004707	Neo-Assyrian	Royal Inscription	Akkadian	akk:	Ashur	Shalmaneser_III_RN
riao/Q004708	Neo-Assyrian	Royal Inscription	Akkadian	akk:	Ashur	Shalmaneser_III_RN
riao/Q004713	Neo-Assyrian	Royal Inscription	Akkadian	akk:	Ashur	Shalmaneser_III_RN
riao/Q004721	Neo-Assyrian	Royal Inscription	Akkadian	akk:	Nineveh	Shalmaneser_III_RN
riao/Q004722	Neo-Assyrian	Royal Inscription	Akkadian	akk:	Assyria	Shalmaneser_III_RN
riao/Q004724	Neo-Assyrian	Royal Inscription	Akkadian	akk:	Assyria	Shalmaneser_III_RN
riao/Q004725	Neo-Assyrian	Royal Inscription	Akkadian	akk:	Assyria	Shalmaneser_III_RN
riao/Q004726	Neo-Assyrian	Royal Inscription	Akkadian	akk:	Tell al-Hawa	Shalmaneser_III_RN
riao/Q004735	Neo-Assyrian	Royal Inscription	Akkadian	akk:	Tarbiṣu	Shalmaneser_III_RN
riao/Q004737	Neo-Assyrian	Royal Inscription	Akkadian	akk:	Assyria	Shalmaneser_III_RN
riao/Q004738	Neo-Assyrian	Royal Inscription	Akkadian	akk:	Nimrud	Šamši-Adad_V_RN
riao/Q004739	Neo-Assyrian	Royal Inscription	Akkadian	akk:	Ashur	Šamši-Adad_V_RN
riao/Q004741	Neo-Assyrian	Royal Inscription	Akkadian	akk:	Ashur	Šamši-Adad_V_RN
riao/Q004742	Neo-Assyrian	Royal Inscription	Akkadian	akk:	Ashur	Šamši-Adad_V_RN
riao/Q004743	Neo-Assyrian	Royal Inscription	Akkadian	akk:	Ashur	Šamši-Adad_V_RN
riao/Q004744	Neo-Assyrian	Royal Inscription	Akkadian	akk:	Ashur	Šamši-Adad_V_RN
riao/Q004749	Neo-Assyrian	Royal Inscription	Akkadian	akk:	Nimrud	Adad-nerari_III_RN
riao/Q004750	Neo-Assyrian	Royal Inscription	Akkadian	akk:	Antakya	Adad-nerari_III_RN
riao/Q004751	Neo-Assyrian	Royal Inscription	Akkadian	akk:	Kizkapanli	Adad-nerari_III_RN
riao/Q004753	Neo-Assyrian	Royal Inscription	Akkadian	akk:	Dur-Katlimmu	Adad-nerari_III_RN
riao/Q004754	Neo-Assyrian	Royal Inscription	Akkadian	akk:	Sabaʾa	Adad-nerari_III_RN
riao/Q004755	Neo-Assyrian	Royal Inscription	Akkadian	akk:	Tell al-Rimah	Adad-nerari_III_RN
riao/Q004756	Neo-Assyrian	Royal Inscription	Akkadian	akk:	Nimrud	Adad-nerari_III_RN
riao/Q004757	Neo-Assyrian	Royal Inscription	Akkadian	akk:	Nineveh	Adad-nerari_III_RN
riao/Q004758	Neo-Assyrian	Royal Inscription	Akkadian	akk:	Ashur	Adad-nerari_III_RN
riao/Q004759	Neo-Assyrian	Royal Inscription	Akkadian	akk:	Ashur	Adad-nerari_III_RN
riao/Q004762	Neo-Assyrian	Royal Inscription	Akkadian	akk:	Nineveh	Adad-nerari_III_RN
riao/Q004763	Neo-Assyrian	Royal Inscription	Akkadian	akk:	Nineveh	Adad-nerari_III_RN
riao/Q004769	Neo-Assyrian	Royal Inscription	Akkadian	akk:	Ashur	Adad-nerari_III_RN
riao/Q004781	Neo-Assyrian	Royal Inscription	Akkadian	akk:	Ashur	Adad-nerari_III_RN
riao/Q004782	Neo-Assyrian	Royal Inscription	Akkadian	akk:	Nimrud	Adad-nerari_III_RN
riao/Q004783	Neo-Assyrian	Royal Inscription	Akkadian	akk:	Nimrud	Adad-nerari_III_RN
riao/Q004784	Neo-Assyrian	Royal Inscription	Akkadian	akk:	Assyria	Adad-nerari_III_RN
riao/Q004790	Neo-Assyrian	Royal Inscription	Akkadian	akk:	Til-Barsip	Adad-nerari_III_RN
riao/Q004796	Neo-Assyrian	Royal Inscription	Akkadian	akk:	Assyria	Adad-nerari_III_RN
riao/Q006013	Neo-Assyrian	Royal Inscription	Akkadian	akk:	Ashur	Aššur-dan_II_RN
riao/Q006014	Neo-Assyrian	Royal Inscription	Akkadian	akk:	Ashur	Aššur-dan_II_RN
riao/Q006015	Neo-Assyrian	Royal Inscription	Akkadian	akk:	Ashur	Aššur-dan_II_RN
riao/Q006016	Neo-Assyrian	Royal Inscription	Akkadian	akk:	Ashur	Aššur-dan_II_RN
riao/Q006020	Neo-Assyrian	Royal Inscription	Akkadian	akk:	Ashur	Adad-nerari_II_RN
riao/Q006021	Neo-Assyrian	Royal Inscription	Akkadian	akk:	Ashur	Adad-nerari_II_RN
riao/Q006022	Neo-Assyrian	Royal Inscription	Akkadian	akk:	Ashur	Adad-nerari_II_RN
riao/Q006023	Neo-Assyrian	Royal Inscription	Akkadian	akk:	Ashur	Adad-nerari_II_RN
riao/Q006032	Neo-Assyrian	Royal Inscription	Akkadian	akk:	Ashur	Tukulti-Ninurta_II_RN
riao/Q006033	Neo-Assyrian	Royal Inscription	Akkadian	akk:	Ashur	Tukulti-Ninurta_II_RN
riao/Q006034	Neo-Assyrian	Royal Inscription	Akkadian	akk:	Ashur	Tukulti-Ninurta_II_RN
riao/Q006035	Neo-Assyrian	Royal Inscription	Akkadian	akk:	Ashur	Tukulti-Ninurta_II_RN
riao/Q006044	Neo-Assyrian	Royal Inscription	Akkadian	akk:	Ashur	Tukulti-Ninurta_II_RN
riao/Q006687	Neo-Assyrian	Royal Inscription	Akkadian	akk:	Kizkapanli	Shalmaneser_IV_RN
riao/Q006688	Neo-Assyrian	Royal Inscription	Akkadian	akk:	Dur-Bel-Harran-beli-uṣur	Shalmaneser_IV_RN
riao/Q006691	Neo-Assyrian	Royal Inscription	Akkadian	akk:	Ashur	Aššur-dan_III_RN
riao/Q006692	Neo-Assyrian	Royal Inscription	Akkadian	akk:	Assyria	Aššur-nerari_V_RN
ribo-babylon6/Q006311	Neo-Babylonian	Royal Inscription	Sumerian, Akkadian	sux:akk:sux-x-emesal:	Sippar	Šamaš-šuma-ukin_RN
ribo-babylon6/Q006313	Neo-Babylonian	Royal Inscription	Akkadian	akk:	Borsippa	Šamaš-šuma-ukin_RN
ribo-babylon6/Q006314	Neo-Babylonian	Royal Inscription	Akkadian	akk:	Borsippa	Šamaš-šuma-ukin_RN
ribo-babylon6/Q006323	Neo-Assyrian	Royal Inscription	Akkadian	akk:	Babylon	Sargon_II_RN
ribo-babylon6/Q006325	Neo-Assyrian	Royal Inscription	Akkadian	akk:	Uruk	Sargon_II_RN
ribo-babylon6/Q006327	Neo-Assyrian	Royal Inscription	Sumerian	sux:	Uruk	Sargon_II_RN
ribo-babylon6/Q006328	Neo-Assyrian	Royal Inscription	Sumerian	sux:	Uruk	Sargon_II_RN
rinap-rinap1/Q003417	Neo-Assyrian	Royal Inscription	Akkadian	akk:	Nimrud	Tiglath-pileser_III_RN
rinap-rinap1/Q003418	Neo-Assyrian	Royal Inscription	Akkadian	akk:	Nimrud	Tiglath-pileser_III_RN
rinap-rinap1/Q003419	Neo-Assyrian	Royal Inscription	Akkadian	akk:	Nimrud	Tiglath-pileser_III_RN
rinap-rinap1/Q003421	Neo-Assyrian	Royal Inscription	Akkadian	akk:	Nimrud	Tiglath-pileser_III_RN
rinap-rinap1/Q003422	Neo-Assyrian	Royal Inscription	Akkadian	akk:	Nimrud	Tiglath-pileser_III_RN
rinap-rinap1/Q003428	Neo-Assyrian	Royal Inscription	Akkadian	akk:	Nimrud	Tiglath-pileser_III_RN
rinap-rinap1/Q003429	Neo-Assyrian	Royal Inscription	Akkadian	akk:	Nimrud	Tiglath-pileser_III_RN
rinap-rinap1/Q003430	Neo-Assyrian	Royal Inscription	Akkadian	akk:	Nimrud	Tiglath-pileser_III_RN
rinap-rinap1/Q003431	Neo-Assyrian	Royal Inscription	Akkadian	akk:	Nimrud	Tiglath-pileser_III_RN
rinap-rinap1/Q003433	Neo-Assyrian	Royal Inscription	Akkadian	akk:	Nimrud	Tiglath-pileser_III_RN
rinap-rinap1/Q003437	Neo-Assyrian	Royal Inscription	Akkadian	akk:	Nimrud	Tiglath-pileser_III_RN
rinap-rinap1/Q003441	Neo-Assyrian	Royal Inscription	Akkadian	akk:	Nimrud	Tiglath-pileser_III_RN
rinap-rinap1/Q003448	Neo-Assyrian	Royal Inscription	Akkadian	akk:	Luristan	Tiglath-pileser_III_RN
rinap-rinap1/Q003450	Neo-Assyrian	Royal Inscription	Akkadian	akk:	Mila Mergi	Tiglath-pileser_III_RN
rinap-rinap1/Q003452	Neo-Assyrian	Royal Inscription	Akkadian	akk:	Nimrud	Tiglath-pileser_III_RN
rinap-rinap1/Q003453	Neo-Assyrian	Royal Inscription	Akkadian	akk:	Nimrud	Tiglath-pileser_III_RN
rinap-rinap1/Q003454	Neo-Assyrian	Royal Inscription	Akkadian	akk:	Nimrud	Tiglath-pileser_III_RN
rinap-rinap1/Q003459	Neo-Assyrian	Royal Inscription	Akkadian	akk:	Nimrud	Tiglath-pileser_III_RN
rinap-rinap1/Q003460	Neo-Assyrian	Royal Inscription	Akkadian	akk:	Nimrud	Tiglath-pileser_III_RN
rinap-rinap1/Q003461	Neo-Assyrian	Royal Inscription	Akkadian	akk:	Nimrud	Tiglath-pileser_III_RN
rinap-rinap1/Q003462	Neo-Assyrian	Royal Inscription	Akkadian	akk:	Nimrud	Tiglath-pileser_III_RN
rinap-rinap1/Q003464	Neo-Assyrian	Royal Inscription	Akkadian	akk:	Nimrud	Tiglath-pileser_III_RN
rinap-rinap1/Q003465	Neo-Assyrian	Royal Inscription	Akkadian	akk:	Nimrud	Tiglath-pileser_III_RN
rinap-rinap1/Q003466	Neo-Assyrian	Royal Inscription	Akkadian	akk:	Arslan Tash	Tiglath-pileser_III_RN
rinap-rinap1/Q003471	Neo-Assyrian	Royal Inscription	Akkadian	akk:	Ashur	Tiglath-pileser_III_RN
rinap-rinap1/Q003472	Neo-Assyrian	Royal Inscription	Akkadian	akk:	Ashur	Tiglath-pileser_III_RN
rinap-rinap1/Q003473	Neo-Assyrian	Royal Inscription	Akkadian	akk:	Ashur	Tiglath-pileser_III_RN
rinap-rinap1/Q003617	Neo-Assyrian	Royal Inscription	Akkadian, Aramaic, Luwian	akk:	Arslan Tash	Tiglath-pileser_III_RN
rinap-rinap1/Q003618	Neo-Assyrian	Royal Inscription	Akkadian	akk:	Tell Tayinat	Tiglath-pileser_III_RN
rinap-rinap1/Q003619	Neo-Assyrian	Royal Inscription	Akkadian	akk:	Nimrud	Tiglath-pileser_III_RN
rinap-rinap3/Q003475	Neo-Assyrian	Royal Inscription	Akkadian	akk:	Nineveh	Sennacherib_RN
rinap-rinap3/Q003476	Neo-Assyrian	Royal Inscription	Akkadian	akk:	Nineveh	Sennacherib_RN
rinap-rinap3/Q003477	Neo-Assyrian	Royal Inscription	Akkadian	akk:	Nineveh	Sennacherib_RN
rinap-rinap3/Q003478	Neo-Assyrian	Royal Inscription	Akkadian	akk:	Nineveh	Sennacherib_RN
rinap-rinap3/Q003479	Neo-Assyrian	Royal Inscription	Akkadian	akk:	Nineveh	Sennacherib_RN
rinap-rinap3/Q003481	Neo-Assyrian	Royal Inscription	Akkadian	akk:	Nineveh	Sennacherib_RN
rinap-rinap3/Q003482	Neo-Assyrian	Royal Inscription	Akkadian	akk:	Nineveh	Sennacherib_RN
rinap-rinap3/Q003483	Neo-Assyrian	Royal Inscription	Akkadian	akk:	Nineveh	Sennacherib_RN
rinap-rinap3/Q003484	Neo-Assyrian	Royal Inscription	Akkadian	akk:	Nineveh	Sennacherib_RN
rinap-rinap3/Q003485	Neo-Assyrian	Royal Inscription	Akkadian	akk:	Nineveh	Sennacherib_RN
rinap-rinap3/Q003486	Neo-Assyrian	Royal Inscription	Akkadian	akk:	Nineveh	Sennacherib_RN
rinap-rinap3/Q003487	Neo-Assyrian	Royal Inscription	Akkadian	akk:	Nineveh	Sennacherib_RN
rinap-rinap3/Q003489	Neo-Assyrian	Royal Inscription	Akkadian	akk:	Nineveh	Sennacherib_RN
rinap-rinap3/Q003490	Neo-Assyrian	Royal Inscription	Akkadian	akk:	Nineveh	Sennacherib_RN
rinap-rinap3/Q003491	Neo-Assyrian	Royal Inscription	Akkadian	akk:	Nineveh	Sennacherib_RN
rinap-rinap3/Q003492	Neo-Assyrian	Royal Inscription	Akkadian	akk:	Nineveh	Sennacherib_RN
rinap-rinap3/Q003496	Neo-Assyrian	Royal Inscription	Akkadian	akk:	Nineveh	Sennacherib_RN
rinap-rinap3/Q003497	Neo-Assyrian	Royal Inscription	Akkadian	akk:	Nineveh	Sennacherib_RN
rinap-rinap3/Q003498	Neo-Assyrian	Royal Inscription	Akkadian	akk:	Nineveh	Sennacherib_RN
rinap-rinap3/Q003501	Neo-Assyrian	Royal Inscription	Akkadian	akk:	Nineveh	Sennacherib_RN
rinap-rinap3/Q003505	Neo-Assyrian	Royal Inscription	Akkadian	akk:	Nineveh	Sennacherib_RN
rinap-rinap3/Q003508	Neo-Assyrian	Royal Inscription	Akkadian	akk:	Nineveh	Sennacherib_RN
rinap-rinap3/Q003509	Neo-Assyrian	Royal Inscription	Akkadian	akk:	Nineveh	Sennacherib_RN
rinap-rinap3/Q003510	Neo-Assyrian	Royal Inscription	Akkadian	akk:	Nineveh	Sennacherib_RN
rinap-rinap3/Q003511	Neo-Assyrian	Royal Inscription	Akkadian	akk:	Nineveh	Sennacherib_RN
rinap-rinap3/Q003512	Neo-Assyrian	Royal Inscription	Akkadian	akk:	Nineveh	Sennacherib_RN
rinap-rinap3/Q003513	Neo-Assyrian	Royal Inscription	Akkadian	akk:	Nineveh	Sennacherib_RN
rinap-rinap3/Q003514	Neo-Assyrian	Royal Inscription	Akkadian	akk:	Nineveh	Sennacherib_RN
rinap-rinap3/Q003515	Neo-Assyrian	Royal Inscription	Akkadian	akk:	Nineveh	Sennacherib_RN
rinap-rinap3/Q003516	Neo-Assyrian	Royal Inscription	Akkadian	akk:	Nineveh	Sennacherib_RN
rinap-rinap3/Q003517	Neo-Assyrian	Royal Inscription	Akkadian	akk:	Nineveh	Sennacherib_RN
rinap-rinap3/Q003518	Neo-Assyrian	Royal Inscription	Akkadian	akk:	Nineveh	Sennacherib_RN
rinap-rinap3/Q003519	Neo-Assyrian	Royal Inscription	Akkadian	akk:	Nineveh	Sennacherib_RN
rinap-rinap3/Q003520	Neo-Assyrian	Royal Inscription	Akkadian	akk:	Nineveh	Sennacherib_RN
rinap-rinap3/Q003523	Neo-Assyrian	Royal Inscription	Akkadian	akk:	Nineveh	Sennacherib_RN
rinap-rinap3/Q003524	Neo-Assyrian	Royal Inscription	Akkadian	akk:	Nineveh	Sennacherib_RN
rinap-rinap3/Q003560	Neo-Assyrian	Royal Inscription	Akkadian	akk:	Nineveh	Sennacherib_RN
rinap-rinap3/Q003577	Neo-Assyrian	Royal Inscription	Akkadian	akk:	Nineveh	Sennacherib_RN
rinap-rinap3/Q003578	Neo-Assyrian	Royal Inscription	Akkadian	akk:	Nineveh	Sennacherib_RN
rinap-rinap3/Q003579	Neo-Assyrian	Royal Inscription	Akkadian	akk:	Nineveh	Sennacherib_RN
rinap-rinap3/Q003912	Neo-Assyrian	Royal Inscription	Akkadian	akk:	Nineveh	Sennacherib_RN
rinap-rinap3/Q003914	Neo-Assyrian	Royal Inscription	Akkadian	akk:	Nineveh	Sennacherib_RN
rinap-rinap3/Q003915	Neo-Assyrian	Royal Inscription	Akkadian	akk:	Nineveh	Sennacherib_RN
rinap-rinap3/Q003917	Neo-Assyrian	Royal Inscription	Akkadian	akk:	Nineveh	Sennacherib_RN
rinap-rinap3/Q003918	Neo-Assyrian	Royal Inscription	Akkadian	akk:	Nineveh	Sennacherib_RN
rinap-rinap3/Q003919	Neo-Assyrian	Royal Inscription	Akkadian	akk:	Nineveh	Sennacherib_RN
rinap-rinap3/Q003920	Neo-Assyrian	Royal Inscription	Akkadian	akk:	Nineveh	Sennacherib_RN
rinap-rinap3/Q003921	Neo-Assyrian	Royal Inscription	Akkadian	akk:	Nineveh	Sennacherib_RN
rinap-rinap3/Q003922	Neo-Assyrian	Royal Inscription	Akkadian	akk:	Nineveh	Sennacherib_RN
rinap-rinap3/Q003923	Neo-Assyrian	Royal Inscription	Akkadian	akk:	Nineveh	Sennacherib_RN
rinap-rinap3/Q003925	Neo-Assyrian	Royal Inscription	Akkadian	akk:	Nineveh	Sennacherib_RN
rinap-rinap3/Q003926	Neo-Assyrian	Royal Inscription	Akkadian	akk:	Nineveh	Sennacherib_RN
rinap-rinap3/Q003927	Neo-Assyrian	Royal Inscription	Akkadian	akk:	Nineveh	Sennacherib_RN
rinap-rinap3/Q003928	Neo-Assyrian	Royal Inscription	Akkadian	akk:	Nineveh	Sennacherib_RN
rinap-rinap3/Q003938	Neo-Assyrian	Royal Inscription	Akkadian	akk:	Nineveh	Sennacherib_RN
rinap-rinap3/Q003939	Neo-Assyrian	Royal Inscription	Akkadian	akk:	Nineveh	Sennacherib_RN
rinap-rinap3/Q003941	Neo-Assyrian	Royal Inscription	Akkadian	akk:	Nineveh	Sennacherib_RN
rinap-rinap3/Q003943	Neo-Assyrian	Royal Inscription	Akkadian	akk:	Nineveh	Sennacherib_RN
rinap-rinap3/Q003945	Neo-Assyrian	Royal Inscription	Akkadian	akk:	Nineveh	Sennacherib_RN
rinap-rinap3/Q003947	Neo-Assyrian	Royal Inscription	Akkadian	akk:	Nineveh	Sennacherib_RN
rinap-rinap3/Q003949	Neo-Assyrian	Royal Inscription	Akkadian	akk:	Nineveh	Sennacherib_RN
rinap-rinap3/Q003950	Neo-Assyrian	Royal Inscription	Akkadian	akk:	Nineveh	Sennacherib_RN
rinap-rinap3/Q003951	Neo-Assyrian	Royal Inscription	Akkadian	akk:	Nineveh	Sennacherib_RN
rinap-rinap3/Q003952	Neo-Assyrian	Royal Inscription	Akkadian	akk:	Nineveh	Sennacherib_RN
rinap-rinap3/Q003953	Neo-Assyrian	Royal Inscription	Akkadian	akk:	Nineveh	Sennacherib_RN
rinap-rinap3/Q003956	Neo-Assyrian	Royal Inscription	Akkadian	akk:	Nineveh	Sennacherib_RN
rinap-rinap3/Q003957	Neo-Assyrian	Royal Inscription	Akkadian	akk:	Nineveh	Sennacherib_RN
rinap-rinap3/Q003958	Neo-Assyrian	Royal Inscription	Akkadian	akk:	Nineveh	Sennacherib_RN
rinap-rinap3/Q003960	Neo-Assyrian	Royal Inscription	Akkadian	akk:	Nineveh	Sennacherib_RN
rinap-rinap3/Q003961	Neo-Assyrian	Royal Inscription	Akkadian	akk:	Nineveh	Sennacherib_RN
rinap-rinap3/Q003962	Neo-Assyrian	Royal Inscription	Akkadian	akk:	Nineveh	Sennacherib_RN
rinap-rinap3/Q003963	Neo-Assyrian	Royal Inscription	Akkadian	akk:	Nineveh	Sennacherib_RN
rinap-rinap3/Q003964	Neo-Assyrian	Royal Inscription	Akkadian	akk:	Nineveh	Sennacherib_RN
rinap-rinap3/Q003965	Neo-Assyrian	Royal Inscription	Akkadian	akk:	Nineveh	Sennacherib_RN
rinap-rinap3/Q003967	Neo-Assyrian	Royal Inscription	Akkadian	akk:	Nineveh	Sennacherib_RN
rinap-rinap3/Q003968	Neo-Assyrian	Royal Inscription	Akkadian	akk:	Nineveh	Sennacherib_RN
rinap-rinap3/Q003969	Neo-Assyrian	Royal Inscription	Akkadian	akk:	Ashur	Sennacherib_RN
rinap-rinap3/Q003970	Neo-Assyrian	Royal Inscription	Akkadian	akk:	Ashur	Sennacherib_RN
rinap-rinap3/Q003971	Neo-Assyrian	Royal Inscription	Akkadian	akk:	Ashur	Sennacherib_RN
rinap-rinap3/Q003972	Neo-Assyrian	Royal Inscription	Akkadian	akk:	Ashur	Sennacherib_RN
rinap-rinap3/Q003973	Neo-Assyrian	Royal Inscription	Akkadian	akk:	Ashur	Sennacherib_RN
rinap-rinap3/Q003974	Neo-Assyrian	Royal Inscription	Akkadian	akk:	Ashur	Sennacherib_RN
rinap-rinap3/Q003975	Neo-Assyrian	Royal Inscription	Akkadian	akk:	Ashur	Sennacherib_RN
rinap-rinap3/Q003976	Neo-Assyrian	Royal Inscription	Akkadian	akk:	Ashur	Sennacherib_RN
rinap-rinap3/Q003977	Neo-Assyrian	Royal Inscription	Akkadian	akk:	Ashur	Sennacherib_RN
rinap-rinap3/Q003978	Neo-Assyrian	Royal Inscription	Akkadian	akk:	Ashur	Sennacherib_RN
rinap-rinap3/Q003979	Neo-Assyrian	Royal Inscription	Akkadian	akk:	Ashur	Sennacherib_RN
rinap-rinap3/Q003980	Neo-Assyrian	Royal Inscription	Akkadian	akk:	Ashur	Sennacherib_RN
rinap-rinap3/Q003982	Neo-Assyrian	Royal Inscription	Akkadian	akk:	Ashur	Sennacherib_RN
rinap-rinap3/Q003983	Neo-Assyrian	Royal Inscription	Akkadian	akk:	Ashur	Sennacherib_RN
rinap-rinap3/Q003985	Neo-Assyrian	Royal Inscription	Akkadian	akk:	Ashur	Sennacherib_RN
rinap-rinap3/Q003986	Neo-Assyrian	Royal Inscription	Akkadian	akk:	Ashur	Sennacherib_RN
rinap-rinap3/Q003987	Neo-Assyrian	Royal Inscription	Akkadian	akk:	Ashur	Sennacherib_RN
rinap-rinap3/Q003989	Neo-Assyrian	Royal Inscription	Akkadian	akk:	Ashur	Sennacherib_RN
rinap-rinap3/Q003995	Neo-Assyrian	Royal Inscription	Akkadian	akk:	Ashur	Sennacherib_RN
rinap-rinap3/Q003996	Neo-Assyrian	Royal Inscription	Akkadian	akk:	Ashur	Sennacherib_RN
rinap-rinap3/Q003998	Neo-Assyrian	Royal Inscription	Akkadian	akk:	Ashur	Sennacherib_RN
rinap-rinap3/Q004000	Neo-Assyrian	Royal Inscription	Akkadian	akk:	Ashur	Sennacherib_RN
rinap-rinap3/Q004001	Neo-Assyrian	Royal Inscription	Akkadian	akk:	Ashur	Sennacherib_RN
rinap-rinap3/Q004002	Neo-Assyrian	Royal Inscription	Akkadian	akk:	Ashur	Sennacherib_RN
rinap-rinap3/Q004003	Neo-Assyrian	Royal Inscription	Akkadian	akk:	Ashur	Sennacherib_RN
rinap-rinap3/Q004004	Neo-Assyrian	Royal Inscription	Akkadian	akk:	Ashur	Sennacherib_RN
rinap-rinap3/Q004005	Neo-Assyrian	Royal Inscription	Akkadian	akk:	Ashur	Sennacherib_RN
rinap-rinap3/Q004006	Neo-Assyrian	Royal Inscription	Akkadian	akk:	Ashur	Sennacherib_RN
rinap-rinap3/Q004007	Neo-Assyrian	Royal Inscription	Akkadian	akk:	Ashur	Sennacherib_RN
rinap-rinap3/Q004010	Neo-Assyrian	Royal Inscription	Akkadian	akk:	Ashur	Sennacherib_RN
rinap-rinap3/Q004014	Neo-Assyrian	Royal Inscription	Akkadian	akk:	Ashur	Sennacherib_RN
rinap-rinap3/Q004015	Neo-Assyrian	Royal Inscription	Akkadian	akk:	Nimrud	Sennacherib_RN
rinap-rinap3/Q004017	Neo-Assyrian	Royal Inscription	Akkadian	akk:	Nimrud	Sennacherib_RN
rinap-rinap3/Q004018	Neo-Assyrian	Royal Inscription	Akkadian	akk:	Tarbiṣu	Sennacherib_RN
rinap-rinap3/Q004019	Neo-Assyrian	Royal Inscription	Akkadian	akk:	Tarbiṣu	Sennacherib_RN
rinap-rinap3/Q004020	Neo-Assyrian	Royal Inscription	Akkadian	akk:	Tarbiṣu	Sennacherib_RN
rinap-rinap3/Q004021	Neo-Assyrian	Royal Inscription	Akkadian	akk:	Tarbiṣu	Sennacherib_RN
rinap-rinap3/Q004027	Neo-Assyrian	Royal Inscription	Akkadian	akk:	Judi Dagh	Sennacherib_RN
rinap-rinap3/Q004028	Neo-Assyrian	Royal Inscription	Akkadian	akk:	Hinnis Monuments	Sennacherib_RN
rinap-rinap3/Q004033	Neo-Assyrian	Royal Inscription	Akkadian	akk:	Jerwan Aqueduct	Sennacherib_RN
rinap-rinap3/Q004034	Neo-Assyrian	Royal Inscription	Akkadian	akk:	Wadi Bastura Tunnel	Sennacherib_RN
rinap-rinap3/Q004035	Neo-Assyrian	Royal Inscription	Akkadian	akk:	Sur-marrati	Sennacherib_RN
rinap-rinap3/Q004036	Neo-Assyrian	Royal Inscription	Akkadian	akk:	Takrit	Sennacherib_RN
rinap-rinap3/Q004071	Neo-Assyrian	Royal Inscription	Akkadian	akk:	Nineveh	Sennacherib_RN
rinap-rinap3/Q004075	Neo-Assyrian	Royal Inscription	Akkadian	akk:	Nineveh	Sennacherib_RN
rinap-rinap4/Q003230	Neo-Assyrian	Royal Inscription	Akkadian	akk:	Nineveh	Esarhaddon_RN
rinap-rinap4/Q003231	Neo-Assyrian	Royal Inscription	Akkadian	akk:	Nineveh	Esarhaddon_RN
rinap-rinap4/Q003232	Neo-Assyrian	Royal Inscription	Akkadian	akk:	Nineveh	Esarhaddon_RN
rinap-rinap4/Q003233	Neo-Assyrian	Royal Inscription	Akkadian	akk:	Nineveh	Esarhaddon_RN
rinap-rinap4/Q003234	Neo-Assyrian	Royal Inscription	Akkadian	akk:	Nineveh	Esarhaddon_RN
rinap-rinap4/Q003235	Neo-Assyrian	Royal Inscription	Akkadian	akk:	Nineveh	Esarhaddon_RN
rinap-rinap4/Q003236	Neo-Assyrian	Royal Inscription	Akkadian	akk:	Nineveh	Esarhaddon_RN
rinap-rinap4/Q003237	Neo-Assyrian	Royal Inscription	Akkadian	akk:	Nineveh	Esarhaddon_RN
rinap-rinap4/Q003238	Neo-Assyrian	Royal Inscription	Akkadian	akk:	Nineveh	Esarhaddon_RN
rinap-rinap4/Q003239	Neo-Assyrian	Royal Inscription	Akkadian	akk:	Nineveh	Esarhaddon_RN
rinap-rinap4/Q003240	Neo-Assyrian	Royal Inscription	Akkadian	akk:	Nineveh	Esarhaddon_RN
rinap-rinap4/Q003241	Neo-Assyrian	Royal Inscription	Akkadian	akk:	Nineveh	Esarhaddon_RN
rinap-rinap4/Q003245	Neo-Assyrian	Royal Inscription	Akkadian	akk:	Nineveh	Esarhaddon_RN
rinap-rinap4/Q003248	Neo-Assyrian	Royal Inscription	Akkadian	akk:	Nineveh	Esarhaddon_RN
rinap-rinap4/Q003259	Neo-Assyrian	Royal Inscription	Akkadian	akk:	Nineveh	Esarhaddon_RN
rinap-rinap4/Q003260	Neo-Assyrian	Royal Inscription	Akkadian	akk:	Nineveh	Esarhaddon_RN
rinap-rinap4/Q003262	Neo-Assyrian	Royal Inscription	Akkadian	akk:	Nineveh	Esarhaddon_RN
rinap-rinap4/Q003263	Neo-Assyrian	Royal Inscription	Akkadian	akk:	Nineveh	Esarhaddon_RN
rinap-rinap4/Q003264	Neo-Assyrian	Royal Inscription	Akkadian	akk:	Nineveh	Esarhaddon_RN
rinap-rinap4/Q003265	Neo-Assyrian	Royal Inscription	Akkadian	akk:	Nineveh	Esarhaddon_RN
rinap-rinap4/Q003266	Neo-Assyrian	Royal Inscription	Akkadian	akk:	Nineveh	Esarhaddon_RN
rinap-rinap4/Q003267	Neo-Assyrian	Royal Inscription	Akkadian	akk:	Nineveh	Esarhaddon_RN
rinap-rinap4/Q003269	Neo-Assyrian	Royal Inscription	Akkadian	akk:	Nineveh	Esarhaddon_RN
rinap-rinap4/Q003272	Neo-Assyrian	Royal Inscription	Akkadian	akk:	Nineveh	Esarhaddon_RN
rinap-rinap4/Q003273	Neo-Assyrian	Royal Inscription	Akkadian	akk:	Nineveh	Esarhaddon_RN
rinap-rinap4/Q003274	Neo-Assyrian	Royal Inscription	Akkadian	akk:	Nineveh	Esarhaddon_RN
rinap-rinap4/Q003277	Neo-Assyrian	Royal Inscription	Akkadian	akk:	Nineveh	Esarhaddon_RN
rinap-rinap4/Q003281	Neo-Assyrian	Royal Inscription	Akkadian	akk:	Nineveh	Esarhaddon_RN
rinap-rinap4/Q003282	Neo-Assyrian	Royal Inscription	Akkadian	akk:	Nineveh	Esarhaddon_RN
rinap-rinap4/Q003283	Neo-Assyrian	Royal Inscription	Akkadian	akk:	Nineveh	Esarhaddon_RN
rinap-rinap4/Q003286	Neo-Assyrian	Royal Inscription	Akkadian	akk:	Ashur	Esarhaddon_RN
rinap-rinap4/Q003287	Neo-Assyrian	Royal Inscription	Akkadian	akk:	Ashur	Esarhaddon_RN
rinap-rinap4/Q003288	Neo-Assyrian	Royal Inscription	Akkadian	akk:	Ashur	Esarhaddon_RN
rinap-rinap4/Q003289	Neo-Assyrian	Royal Inscription	Akkadian	akk:	Nineveh	Esarhaddon_RN
rinap-rinap4/Q003293	Neo-Assyrian	Royal Inscription	Akkadian	akk:	Ashur	Esarhaddon_RN
rinap-rinap4/Q003295	Neo-Assyrian	Royal Inscription	Akkadian	akk:	Ashur	Esarhaddon_RN
rinap-rinap4/Q003297	Neo-Assyrian	Royal Inscription	Akkadian	akk:	Ashur	Esarhaddon_RN
rinap-rinap4/Q003298	Neo-Assyrian	Royal Inscription	Akkadian	akk:	Ashur	Esarhaddon_RN
rinap-rinap4/Q003299	Neo-Assyrian	Royal Inscription	Akkadian	akk:	Ashur	Esarhaddon_RN
rinap-rinap4/Q003300	Neo-Assyrian	Royal Inscription	Akkadian	akk:	Ashur	Esarhaddon_RN
rinap-rinap4/Q003303	Neo-Assyrian	Royal Inscription	Akkadian	akk:	Ashur	Esarhaddon_RN
rinap-rinap4/Q003304	Neo-Assyrian	Royal Inscription	Akkadian	akk:	Ashur	Esarhaddon_RN
rinap-rinap4/Q003305	Neo-Assyrian	Royal Inscription	Akkadian	akk:	Ashur	Esarhaddon_RN
rinap-rinap4/Q003306	Neo-Assyrian	Royal Inscription	Akkadian	akk:	Nimrud	Esarhaddon_RN
rinap-rinap4/Q003307	Neo-Assyrian	Royal Inscription	Akkadian	akk:	Nimrud	Esarhaddon_RN
rinap-rinap4/Q003308	Neo-Assyrian	Royal Inscription	Akkadian	akk:	Nimrud	Esarhaddon_RN
rinap-rinap4/Q003309	Neo-Assyrian	Royal Inscription	Akkadian	akk:	Nimrud	Esarhaddon_RN
rinap-rinap4/Q003313	Neo-Assyrian	Royal Inscription	Akkadian	akk:	Nimrud	Esarhaddon_RN
rinap-rinap4/Q003314	Neo-Assyrian	Royal Inscription	Akkadian	akk:	Nimrud	Esarhaddon_RN
rinap-rinap4/Q003322	Neo-Assyrian	Royal Inscription	Akkadian	akk:	Ashur	Esarhaddon_RN
rinap-rinap4/Q003326	Neo-Assyrian	Royal Inscription	Akkadian	akk:	Til-Barsip	Esarhaddon_RN
rinap-rinap4/Q003328	Neo-Assyrian	Royal Inscription	Akkadian	akk:	Nineveh	Esarhaddon_RN
rinap-rinap4/Q003330	Neo-Assyrian	Royal Inscription	Akkadian	akk:	Nineveh	Esarhaddon_RN
rinap-rinap4/Q003332	Neo-Assyrian	Royal Inscription	Akkadian	akk:	Nahr el-Kelb	Esarhaddon_RN
rinap-rinap4/Q003333	Neo-Assyrian	Royal Inscription	Akkadian	akk:	Babylon	Esarhaddon_RN
rinap-rinap4/Q003334	Neo-Assyrian	Royal Inscription	Akkadian	akk:	Babylon	Esarhaddon_RN
rinap-rinap4/Q003335	Neo-Assyrian	Royal Inscription	Akkadian	akk:	Babylon	Esarhaddon_RN
rinap-rinap4/Q003336	Neo-Assyrian	Royal Inscription	Akkadian	akk:	Babylon	Esarhaddon_RN
rinap-rinap4/Q003337	Neo-Assyrian	Royal Inscription	Akkadian	akk:	Nineveh	Esarhaddon_RN
rinap-rinap4/Q003338	Neo-Assyrian	Royal Inscription	Akkadian	akk:	Nineveh	Esarhaddon_RN
rinap-rinap4/Q003340	Neo-Assyrian	Royal Inscription	Akkadian	akk:	Babylon	Esarhaddon_RN
rinap-rinap4/Q003341	Neo-Assyrian	Royal Inscription	Akkadian	akk:	Sippar	Esarhaddon_RN
rinap-rinap4/Q003342	Neo-Assyrian	Royal Inscription	Akkadian	akk:	Babylon	Esarhaddon_RN
rinap-rinap4/Q003343	Neo-Assyrian	Royal Inscription	Akkadian	akk:	Babylon	Esarhaddon_RN
rinap-rinap4/Q003345	Neo-Assyrian	Royal Inscription	Akkadian	akk:	Nineveh	Esarhaddon_RN
rinap-rinap4/Q003346	Neo-Assyrian	Royal Inscription	Akkadian	akk:	Nineveh	Esarhaddon_RN
rinap-rinap4/Q003347	Neo-Assyrian	Royal Inscription	Akkadian	akk:	Babylon	Esarhaddon_RN
rinap-rinap4/Q003348	Neo-Assyrian	Royal Inscription	Akkadian	akk:	Babylon	Esarhaddon_RN
rinap-rinap4/Q003349	Neo-Assyrian	Royal Inscription	Akkadian	akk:	Babylon	Esarhaddon_RN
rinap-rinap4/Q003350	Neo-Assyrian	Royal Inscription	Akkadian	akk:	Babylon	Esarhaddon_RN
rinap-rinap4/Q003351	Neo-Assyrian	Royal Inscription	Akkadian	akk:	Babylon	Esarhaddon_RN
rinap-rinap4/Q003352	Neo-Assyrian	Royal Inscription	Akkadian	akk:	Babylon	Esarhaddon_RN
rinap-rinap4/Q003353	Neo-Assyrian	Royal Inscription	Akkadian	akk:	Babylon	Esarhaddon_RN
rinap-rinap4/Q003354	Neo-Assyrian	Royal Inscription	Akkadian	akk:	Babylon	Esarhaddon_RN
rinap-rinap4/Q003355	Neo-Assyrian	Royal Inscription	Sumerian	sux:akk:	Babylon	Esarhaddon_RN
rinap-rinap4/Q003356	Neo-Assyrian	Royal Inscription	Akkadian	akk:	Borsippa	Esarhaddon_RN
rinap-rinap4/Q003357	Neo-Assyrian	Royal Inscription	Akkadian	akk:	Nippur	Esarhaddon_RN
rinap-rinap4/Q003358	Neo-Assyrian	Royal Inscription	Akkadian	akk:	Nippur	Esarhaddon_RN
rinap-rinap4/Q003359	Neo-Assyrian	Royal Inscription	Akkadian	akk:	Nippur	Esarhaddon_RN
rinap-rinap4/Q003360	Neo-Assyrian	Royal Inscription	Akkadian	akk:	Nippur	Esarhaddon_RN
rinap-rinap4/Q003361	Neo-Assyrian	Royal Inscription	Akkadian	akk:	Nippur	Esarhaddon_RN
rinap-rinap4/Q003362	Neo-Assyrian	Royal Inscription	Akkadian	akk:	Uruk	Esarhaddon_RN
rinap-rinap4/Q003363	Neo-Assyrian	Royal Inscription	Akkadian	akk:	Uruk	Esarhaddon_RN
rinap-rinap4/Q003364	Neo-Assyrian	Royal Inscription	Akkadian	akk:	Uruk	Esarhaddon_RN
rinap-rinap4/Q003365	Neo-Assyrian	Royal Inscription	Akkadian	akk:	Uruk	Esarhaddon_RN
rinap-rinap4/Q003366	Neo-Assyrian	Royal Inscription	Akkadian	akk:	Uruk	Esarhaddon_RN
rinap-rinap4/Q003367	Neo-Assyrian	Royal Inscription	Akkadian	akk:	Uruk	Esarhaddon_RN
rinap-rinap4/Q003368	Neo-Assyrian	Royal Inscription	Akkadian	akk:	Uruk	Esarhaddon_RN
rinap-rinap4/Q003369	Neo-Assyrian	Royal Inscription	Akkadian	akk:	Kalmakarra Cave	Esarhaddon_RN
rinap-rinap4/Q003371	Neo-Assyrian	Royal Inscription	Akkadian	akk:	Assyria	Esarhaddon_RN
rinap-rinap4/Q003372	Neo-Assyrian	Royal Inscription	Akkadian	akk:	Persepolis	Esarhaddon_RN
rinap-rinap4/Q003374	Neo-Assyrian	Royal Inscription	Akkadian	akk:	Sippar	Esarhaddon_RN
rinap-rinap4/Q003375	Neo-Assyrian	Royal Inscription	Akkadian	akk:	Sippar	Esarhaddon_RN
rinap-rinap4/Q003378	Neo-Assyrian	Royal Inscription	Akkadian	akk:	Ashur	Esarhaddon_RN
rinap-rinap4/Q003379	Neo-Assyrian	Royal Inscription	Akkadian	akk:	Ben Shemen Forest	Esarhaddon_RN
rinap-rinap4/Q003382	Neo-Assyrian	Royal Inscription	Akkadian	akk:	Uruk	Esarhaddon_RN
rinap-rinap4/Q003384	Neo-Assyrian	Royal Inscription	Akkadian	akk:	Nineveh	Esarhaddon_RN
rinap-rinap4/Q003387	Neo-Assyrian	Royal Inscription	Akkadian	akk:	Nineveh	Esarhaddon_RN
rinap-rinap4/Q003388	Neo-Assyrian	Royal Inscription	Akkadian	akk:	Nineveh	Esarhaddon_RN
rinap-rinap4/Q003389	Neo-Assyrian	Royal Inscription	Akkadian	akk:	Nineveh	Esarhaddon_RN
rinap-rinap4/Q003390	Neo-Assyrian	Royal Inscription	Akkadian	akk:	Nineveh	Esarhaddon_RN
rinap-rinap4/Q003391	Neo-Assyrian	Royal Inscription	Akkadian	akk:	Nineveh	Esarhaddon_RN
rinap-rinap4/Q003405	Neo-Assyrian	Royal Inscription	Akkadian	akk:	Nineveh	Esarhaddon_RN
rinap-rinap4/Q003406	Neo-Assyrian	Royal Inscription	Akkadian	akk:	Nineveh	Esarhaddon_RN
rinap-rinap4/Q003407	Neo-Assyrian	Royal Inscription	Akkadian	akk:	Nineveh	Esarhaddon_RN
rinap-rinap4/Q003408	Neo-Assyrian	Royal Inscription	Akkadian	akk:	Nineveh	Esarhaddon_RN
rinap-rinap4/Q003410	Neo-Assyrian	Royal Inscription	Akkadian	akk:	Assyria	Esarhaddon_RN
rinap-rinap4/Q003412	Neo-Assyrian	Royal Inscription	Akkadian	akk:	Assyria	Esarhaddon_RN
rinap-rinap5/Q003700	Neo-Assyrian	Royal Inscription	Akkadian	akk:	Nineveh	Ashurbanipal_RN
rinap-rinap5/Q003701	Neo-Assyrian	Royal Inscription	Akkadian	akk:	Nineveh	Ashurbanipal_RN
rinap-rinap5/Q003702	Neo-Assyrian	Royal Inscription	Akkadian	akk:	Nineveh	Ashurbanipal_RN
rinap-rinap5/Q003703	Neo-Assyrian	Royal Inscription	Akkadian	akk:	Nineveh	Ashurbanipal_RN
rinap-rinap5/Q003704	Neo-Assyrian	Royal Inscription	Akkadian	akk:	Nineveh	Ashurbanipal_RN
rinap-rinap5/Q003705	Neo-Assyrian	Royal Inscription	Akkadian	akk:	Nineveh	Ashurbanipal_RN
rinap-rinap5/Q003706	Neo-Assyrian	Royal Inscription	Akkadian	akk:	Nimrud	Ashurbanipal_RN
rinap-rinap5/Q003707	Neo-Assyrian	Royal Inscription	Akkadian	akk:	Nineveh	Ashurbanipal_RN
rinap-rinap5/Q003708	Neo-Assyrian	Royal Inscription	Akkadian	akk:	Nineveh	Ashurbanipal_RN
rinap-rinap5/Q003709	Neo-Assyrian	Royal Inscription	Akkadian	akk:	Nineveh	Ashurbanipal_RN
rinap-rinap5/Q003710	Neo-Assyrian	Royal Inscription	Akkadian	akk:	Nineveh	Ashurbanipal_RN
rinap-rinap5/Q003711	Neo-Assyrian	Royal Inscription	Akkadian	akk:	Babylon	Ashurbanipal_RN
rinap-rinap5/Q003712	Neo-Assyrian	Royal Inscription	Akkadian	akk:	Nineveh	Ashurbanipal_RN
rinap-rinap5/Q003713	Neo-Assyrian	Royal Inscription	Akkadian	akk:	Nineveh	Ashurbanipal_RN
rinap-rinap5/Q003714	Neo-Assyrian	Royal Inscription	Akkadian	akk:	Nineveh	Ashurbanipal_RN
rinap-rinap5/Q003715	Neo-Assyrian	Royal Inscription	Akkadian	akk:	Nineveh	Ashurbanipal_RN
rinap-rinap5/Q003716	Neo-Assyrian	Royal Inscription	Akkadian	akk:	Nineveh	Ashurbanipal_RN
rinap-rinap5/Q003717	Neo-Assyrian	Royal Inscription	Akkadian	akk:	Nineveh	Ashurbanipal_RN
rinap-rinap5/Q003718	Neo-Assyrian	Royal Inscription	Akkadian	akk:	Nineveh	Ashurbanipal_RN
rinap-rinap5/Q003719	Neo-Assyrian	Royal Inscription	Akkadian	akk:	Nineveh	Ashurbanipal_RN
rinap-rinap5/Q003720	Neo-Assyrian	Royal Inscription	Akkadian	akk:	Nineveh	Ashurbanipal_RN
rinap-rinap5/Q003721	Neo-Assyrian	Royal Inscription	Akkadian	akk:	Nineveh	Ashurbanipal_RN
rinap-rinap5/Q003722	Neo-Assyrian	Royal Inscription	Akkadian	akk:	Nineveh	Ashurbanipal_RN
rinap-rinap5/Q003725	Neo-Assyrian	Royal Inscription	Akkadian	akk:	Nineveh	Ashurbanipal_RN
rinap-rinap5/Q003734	Neo-Assyrian	Royal Inscription	Akkadian	akk:	Nineveh	Ashurbanipal_RN
rinap-rinap5/Q003735	Neo-Assyrian	Royal Inscription	Akkadian	akk:	Nineveh	Ashurbanipal_RN
rinap-rinap5/Q003742	Neo-Assyrian	Royal Inscription	Akkadian	akk:	Nineveh	Ashurbanipal_RN
rinap-rinap5/Q003745	Neo-Assyrian	Royal Inscription	Akkadian	akk:	Nineveh	Ashurbanipal_RN
rinap-rinap5/Q003746	Neo-Assyrian	Royal Inscription	Akkadian	akk:	Nineveh	Ashurbanipal_RN
rinap-rinap5/Q003748	Neo-Assyrian	Royal Inscription	Akkadian	akk:	Nineveh	Ashurbanipal_RN
rinap-rinap5/Q003749	Neo-Assyrian	Royal Inscription	Akkadian	akk:	Nineveh	Ashurbanipal_RN
rinap-rinap5/Q003750	Neo-Assyrian	Royal Inscription	Akkadian	akk:	Nineveh	Ashurbanipal_RN
rinap-rinap5/Q003753	Neo-Assyrian	Royal Inscription	Akkadian	akk:	Nineveh	Ashurbanipal_RN
rinap-rinap5/Q003754	Neo-Assyrian	Royal Inscription	Akkadian	akk:	Nineveh	Ashurbanipal_RN
rinap-rinap5/Q003755	Neo-Assyrian	Royal Inscription	Akkadian	akk:	Nineveh	Ashurbanipal_RN
rinap-rinap5/Q003756	Neo-Assyrian	Royal Inscription	Akkadian	akk:	Nineveh	Ashurbanipal_RN
rinap-rinap5/Q003757	Neo-Assyrian	Royal Inscription	Akkadian	akk:	Nineveh	Ashurbanipal_RN
rinap-rinap5/Q003758	Neo-Assyrian	Royal Inscription	Akkadian	akk:	Nineveh	Ashurbanipal_RN
rinap-rinap5/Q003759	Neo-Assyrian	Royal Inscription	Akkadian	akk:	Nineveh	Ashurbanipal_RN
rinap-rinap5/Q003760	Neo-Assyrian	Royal Inscription	Akkadian	akk:	Ashur	Ashurbanipal_RN
rinap-rinap5/Q003761	Neo-Assyrian	Royal Inscription	Akkadian	akk:	Nineveh	Ashurbanipal_RN
rinap-rinap5/Q003762	Neo-Assyrian	Royal Inscription	Akkadian	akk:	Nineveh	Ashurbanipal_RN
rinap-rinap5/Q003771	Neo-Assyrian	Royal Inscription	Akkadian	akk:	Nineveh	Ashurbanipal_RN
rinap-rinap5/Q003772	Neo-Assyrian	Royal Inscription	Akkadian	akk:	Nineveh	Ashurbanipal_RN
rinap-rinap5/Q003773	Neo-Assyrian	Royal Inscription	Akkadian	akk:	Nineveh	Ashurbanipal_RN
rinap-rinap5/Q003774	Neo-Assyrian	Royal Inscription	Akkadian	akk:	Nineveh	Ashurbanipal_RN
rinap-rinap5/Q003799	Neo-Assyrian	Royal Inscription	Akkadian	akk:	Babylon	Ashurbanipal_RN
rinap-rinap5/Q003800	Neo-Assyrian	Royal Inscription	Akkadian	akk:	Babylon	Ashurbanipal_RN
rinap-rinap5/Q003801	Neo-Assyrian	Royal Inscription	Akkadian	akk:	Babylon	Ashurbanipal_RN
rinap-rinap5/Q003802	Neo-Assyrian	Royal Inscription	Akkadian	akk:	Babylon	Ashurbanipal_RN
rinap-rinap5/Q003803	Neo-Assyrian	Royal Inscription	Akkadian	akk:	Babylon	Ashurbanipal_RN
rinap-rinap5/Q003804	Neo-Assyrian	Royal Inscription	Akkadian	akk:	Babylon	Ashurbanipal_RN
rinap-rinap5/Q003805	Neo-Assyrian	Royal Inscription	Akkadian	akk:	Babylon	Ashurbanipal_RN
rinap-rinap5/Q003806	Neo-Assyrian	Royal Inscription	Akkadian	akk:	Babylon	Ashurbanipal_RN
rinap-rinap5/Q003807	Neo-Assyrian	Royal Inscription	Sumerian	sux:akk:	Babylon	Ashurbanipal_RN
rinap-rinap5/Q003808	Neo-Assyrian	Royal Inscription	Akkadian	akk:	Babylon	Ashurbanipal_RN
rinap-rinap5/Q003809	Neo-Assyrian	Royal Inscription	Akkadian	akk:	Babylon	Ashurbanipal_RN
rinap-rinap5/Q003810	Neo-Assyrian	Royal Inscription	Akkadian	akk-949:akk:	Borsippa	Ashurbanipal_RN
rinap-rinap5/Q003811	Neo-Assyrian	Royal Inscription	Akkadian	akk:	Babylon	Ashurbanipal_RN
rinap-rinap5/Q003812	Neo-Assyrian	Royal Inscription	Akkadian	akk:	Sippar	Ashurbanipal_RN
rinap-rinap5/Q003813	Neo-Assyrian	Royal Inscription	Akkadian	akk:	Uruk	Ashurbanipal_RN
rinap-rinap5/Q003814	Neo-Assyrian	Royal Inscription	Akkadian	akk:akk-949:	Nippur	Ashurbanipal_RN
rinap-rinap5/Q003815	Neo-Assyrian	Royal Inscription	Akkadian	sux:	Nippur	Ashurbanipal_RN
rinap-rinap5/Q003816	Neo-Assyrian	Royal Inscription	Akkadian	sux:	Nippur	Ashurbanipal_RN
rinap-rinap5/Q003817	Neo-Assyrian	Royal Inscription	Akkadian	sux:akk:	Nippur	Ashurbanipal_RN
rinap-rinap5/Q003818	Neo-Assyrian	Royal Inscription	Akkadian	akk:	Babylonia	Ashurbanipal_RN
rinap-rinap5/Q003819	Neo-Assyrian	Royal Inscription	Akkadian	akk:akk-949:	Dur-Kurigalzu	Ashurbanipal_RN
rinap-rinap5/Q003820	Neo-Assyrian	Royal Inscription	Akkadian	akk:	Mê-Turran	Ashurbanipal_RN
rinap-rinap5/Q003842	Neo-Assyrian	Royal Inscription	Sumerian	sux:	Ur	Ashurbanipal_RN
rinap-rinap5/Q003843	Neo-Assyrian	Royal Inscription	Sumerian	sux:	Ur	Ashurbanipal_RN
rinap-rinap5/Q003854	Neo-Assyrian	Royal Inscription	Akkadian	akk:	Ur	Ashurbanipal_RN
rinap-rinap5/Q003857	Neo-Assyrian	Royal Inscription	Akkadian	akk:	Babylonia	Aššur-etel-ilāni_RN
rinap-rinap5/Q003858	Neo-Assyrian	Royal Inscription	Akkadian	akk:	Babylonia	Aššur-etel-ilāni_RN
rinap-rinap5/Q003859	Neo-Assyrian	Royal Inscription	Akkadian	akk:	Dilbat	Aššur-etel-ilāni_RN
rinap-rinap5/Q003860	Neo-Assyrian	Royal Inscription	Sumerian	sux:	Nippur	Aššur-etel-ilāni_RN
rinap-rinap5/Q003861	Neo-Assyrian	Royal Inscription	Akkadian	akk:	Babylonia	Aššur-etel-ilāni_RN
rinap-rinap5/Q003862	Neo-Assyrian	Royal Inscription	Akkadian	akk:	Nineveh	Sîn-šarru-iškun_RN
rinap-rinap5/Q003863	Neo-Assyrian	Royal Inscription	Akkadian	akk:	Nineveh	Sîn-šarru-iškun_RN
rinap-rinap5/Q003864	Neo-Assyrian	Royal Inscription	Akkadian	akk:	Nineveh	Sîn-šarru-iškun_RN
rinap-rinap5/Q003867	Neo-Assyrian	Royal Inscription	Akkadian	akk:	Nineveh	Sîn-šarru-iškun_RN
rinap-rinap5/Q003868	Neo-Assyrian	Royal Inscription	Akkadian	akk:	Ashur	Sîn-šarru-iškun_RN
rinap-rinap5/Q003869	Neo-Assyrian	Royal Inscription	Akkadian	akk:	Ashur	Sîn-šarru-iškun_RN
rinap-rinap5/Q003871	Neo-Assyrian	Royal Inscription	Akkadian	akk:	Ashur	Sîn-šarru-iškun_RN
rinap-rinap5/Q003872	Neo-Assyrian	Royal Inscription	Akkadian	akk:	Ashur	Sîn-šarru-iškun_RN
rinap-rinap5/Q003873	Neo-Assyrian	Royal Inscription	Akkadian	akk:	Ashur	Sîn-šarru-iškun_RN
rinap-rinap5/Q003874	Neo-Assyrian	Royal Inscription	Akkadian	akk:	Ashur	Sîn-šarru-iškun_RN
rinap-rinap5/Q003876	Neo-Assyrian	Royal Inscription	Akkadian	akk:	Ashur	Sîn-šarru-iškun_RN
rinap-rinap5/Q003877	Neo-Assyrian	Royal Inscription	Akkadian	akk:	Ashur	Sîn-šarru-iškun_RN
rinap-rinap5/Q003878	Neo-Assyrian	Royal Inscription	Akkadian	akk:	Ashur	Sîn-šarru-iškun_RN
rinap-rinap5/Q003879	Neo-Assyrian	Royal Inscription	Akkadian	akk:	Ashur	Sîn-šarru-iškun_RN
rinap-rinap5/Q003880	Neo-Assyrian	Royal Inscription	Akkadian	akk:	Nimrud	Sîn-šarru-iškun_RN
rinap-szar2gina2019/Q006482	Neo-Assyrian	Royal Inscription	Akkadian	akk:	Khorsabad	Sargon_II_RN
rinap-szar2gina2019/Q006483	Neo-Assyrian	Royal Inscription	Akkadian	akk:	Khorsabad	Sargon_II_RN
rinap-szar2gina2019/Q006484	Neo-Assyrian	Royal Inscription	Akkadian	akk:	Khorsabad	Sargon_II_RN
rinap-szar2gina2019/Q006485	Neo-Assyrian	Royal Inscription	Akkadian	akk:	Khorsabad	Sargon_II_RN
rinap-szar2gina2019/Q006486	Neo-Assyrian	Royal Inscription	Akkadian	akk:	Khorsabad	Sargon_II_RN
rinap-szar2gina2019/Q006487	Neo-Assyrian	Royal Inscription	Akkadian	akk:	Khorsabad	Sargon_II_RN
rinap-szar2gina2019/Q006488	Neo-Assyrian	Royal Inscription	Akkadian	akk:	Khorsabad	Sargon_II_RN
rinap-szar2gina2019/Q006489	Neo-Assyrian	Royal Inscription	Akkadian	akk:	Khorsabad	Sargon_II_RN
rinap-szar2gina2019/Q006490	Neo-Assyrian	Royal Inscription	Akkadian	akk:	Khorsabad	Sargon_II_RN
rinap-szar2gina2019/Q006491	Neo-Assyrian	Royal Inscription	Akkadian	akk:	Khorsabad	Sargon_II_RN
rinap-szar2gina2019/Q006492	Neo-Assyrian	Royal Inscription	Akkadian	akk:	Khorsabad	Sargon_II_RN
rinap-szar2gina2019/Q006493	Neo-Assyrian	Royal Inscription	Akkadian	akk:	Khorsabad	Sargon_II_RN
rinap-szar2gina2019/Q006494	Neo-Assyrian	Royal Inscription	Akkadian	akk:	Khorsabad	Sargon_II_RN
rinap-szar2gina2019/Q006495	Neo-Assyrian	Royal Inscription	Akkadian	akk:	Khorsabad	Sargon_II_RN
rinap-szar2gina2019/Q006497	Neo-Assyrian	Royal Inscription	Akkadian	akk:	Khorsabad	Sargon_II_RN
rinap-szar2gina2019/Q006498	Neo-Assyrian	Royal Inscription	Akkadian	akk:	Khorsabad	Sargon_II_RN
rinap-szar2gina2019/Q006499	Neo-Assyrian	Royal Inscription	Akkadian	akk:	Khorsabad	Sargon_II_RN
rinap-szar2gina2019/Q006500	Neo-Assyrian	Royal Inscription	Akkadian	akk:	Khorsabad	Sargon_II_RN
rinap-szar2gina2019/Q006501	Neo-Assyrian	Royal Inscription	Akkadian	akk:	Khorsabad	Sargon_II_RN
rinap-szar2gina2019/Q006503	Neo-Assyrian	Royal Inscription	Akkadian	akk:	Khorsabad	Sargon_II_RN
rinap-szar2gina2019/Q006522	Neo-Assyrian	Royal Inscription	Akkadian	akk:	Khorsabad	Sargon_II_RN
rinap-szar2gina2019/Q006523	Neo-Assyrian	Royal Inscription	Akkadian	akk:	Khorsabad	Sargon_II_RN
rinap-szar2gina2019/Q006524	Neo-Assyrian	Royal Inscription	Akkadian	akk:	Khorsabad	Sargon_II_RN
rinap-szar2gina2019/Q006525	Neo-Assyrian	Royal Inscription	Akkadian	akk:	Khorsabad	Sargon_II_RN
rinap-szar2gina2019/Q006526	Neo-Assyrian	Royal Inscription	Akkadian	akk:	Khorsabad	Sargon_II_RN
rinap-szar2gina2019/Q006527	Neo-Assyrian	Royal Inscription	Akkadian	akk:	Khorsabad	Sargon_II_RN
rinap-szar2gina2019/Q006528	Neo-Assyrian	Royal Inscription	Akkadian	akk:	Khorsabad	Sargon_II_RN
rinap-szar2gina2019/Q006529	Neo-Assyrian	Royal Inscription	Akkadian	akk:	Khorsabad	Sargon_II_RN
rinap-szar2gina2019/Q006530	Neo-Assyrian	Royal Inscription	Akkadian	akk:	Khorsabad	Sargon_II_RN
rinap-szar2gina2019/Q006531	Neo-Assyrian	Royal Inscription	Akkadian	akk:	Khorsabad	Sargon_II_RN
rinap-szar2gina2019/Q006535	Neo-Assyrian	Royal Inscription	Akkadian	akk:	Khorsabad	Sargon_II_RN
rinap-szar2gina2019/Q006536	Neo-Assyrian	Royal Inscription	Akkadian	akk:	Khorsabad	Sargon_II_RN
rinap-szar2gina2019/Q006538	Neo-Assyrian	Royal Inscription	Akkadian	akk:	Khorsabad	Sargon_II_RN
rinap-szar2gina2019/Q006542	Neo-Assyrian	Royal Inscription	Akkadian	akk:	Khorsabad	Sargon_II_RN
rinap-szar2gina2019/Q006544	Neo-Assyrian	Royal Inscription	Akkadian	akk:	Ashur	Sargon_II_RN
rinap-szar2gina2019/Q006545	Neo-Assyrian	Royal Inscription	Akkadian	akk:	Ashur	Sargon_II_RN
rinap-szar2gina2019/Q006546	Neo-Assyrian	Royal Inscription	Akkadian	akk:	Ashur	Sargon_II_RN
rinap-szar2gina2019/Q006548	Neo-Assyrian	Royal Inscription	Akkadian	akk:	Ashur	Sargon_II_RN
rinap-szar2gina2019/Q006549	Neo-Assyrian	Royal Inscription	Akkadian	akk:	Ashur	Sargon_II_RN
rinap-szar2gina2019/Q006550	Neo-Assyrian	Royal Inscription	Akkadian	akk:	Ashur	Sargon_II_RN
rinap-szar2gina2019/Q006551	Neo-Assyrian	Royal Inscription	Sumerian	sux:akk:	Ashur	Sargon_II_RN
rinap-szar2gina2019/Q006553	Neo-Assyrian	Royal Inscription	Akkadian	akk:	Ashur	Sargon_II_RN
rinap-szar2gina2019/Q006554	Neo-Assyrian	Royal Inscription	Akkadian	akk:	Nimrud	Sargon_II_RN
rinap-szar2gina2019/Q006555	Neo-Assyrian	Royal Inscription	Akkadian	akk:	Nimrud	Sargon_II_RN
rinap-szar2gina2019/Q006557	Neo-Assyrian	Royal Inscription	Akkadian	akk:	Nimrud	Sargon_II_RN
rinap-szar2gina2019/Q006561	Neo-Assyrian	Royal Inscription	Akkadian	akk:	Nimrud	Sargon_II_RN
rinap-szar2gina2019/Q006562	Neo-Assyrian	Royal Inscription	Akkadian	akk:	Nineveh	Sargon_II_RN
rinap-szar2gina2019/Q006563	Neo-Assyrian	Royal Inscription	Akkadian	akk:	Nineveh	Sargon_II_RN
rinap-szar2gina2019/Q006564	Neo-Assyrian	Royal Inscription	Akkadian	akk:	Nineveh	Sargon_II_RN
rinap-szar2gina2019/Q006565	Neo-Assyrian	Royal Inscription	Akkadian	akk:	Nineveh	Sargon_II_RN
rinap-szar2gina2019/Q006568	Neo-Assyrian	Royal Inscription	Akkadian	akk:	Nineveh	Sargon_II_RN
rinap-szar2gina2019/Q006570	Neo-Assyrian	Royal Inscription	Akkadian	akk:	Nineveh	Sargon_II_RN
rinap-szar2gina2019/Q006571	Neo-Assyrian	Royal Inscription	Akkadian	akk:	Nineveh	Sargon_II_RN
rinap-szar2gina2019/Q006573	Neo-Assyrian	Royal Inscription	Akkadian	akk:	Nineveh	Sargon_II_RN
rinap-szar2gina2019/Q006576	Neo-Assyrian	Royal Inscription	Akkadian	akk:	Nineveh	Sargon_II_RN
rinap-szar2gina2019/Q006577	Neo-Assyrian	Royal Inscription	Akkadian	akk:	Nineveh	Sargon_II_RN
rinap-szar2gina2019/Q006580	Neo-Assyrian	Royal Inscription	Akkadian	akk:	Nineveh	Sargon_II_RN
rinap-szar2gina2019/Q006581	Neo-Assyrian	Royal Inscription	Akkadian	akk:	Nineveh	Sargon_II_RN
rinap-szar2gina2019/Q006584	Neo-Assyrian	Royal Inscription	Akkadian	akk:	Lacarna	Sargon_II_RN
rinap-szar2gina2019/Q006586	Neo-Assyrian	Royal Inscription	Akkadian	akk:	unknown	Sargon_II_RN
rinap-szar2gina2019/Q006587	Neo-Assyrian	Royal Inscription	Akkadian	akk:	Acharneh	Sargon_II_RN
rinap-szar2gina2019/Q006588	Neo-Assyrian	Royal Inscription	Akkadian	akk:	Tell Ahmar	Sargon_II_RN
rinap-szar2gina2019/Q006589	Neo-Assyrian	Royal Inscription	Akkadian	akk:	Tell Tayinat	Sargon_II_RN
rinap-szar2gina2019/Q006590	Neo-Assyrian	Royal Inscription	Akkadian	akk:	Carchemish	Sargon_II_RN
rinap-szar2gina2019/Q006592	Neo-Assyrian	Royal Inscription	Akkadian	akk:	Melid	Sargon_II_RN
rinap-szar2gina2019/Q006594	Neo-Assyrian	Royal Inscription	Akkadian	akk:	Melid	Sargon_II_RN
rinap-szar2gina2019/Q006596	Neo-Assyrian	Royal Inscription	Akkadian	akk:	Kishesim	Sargon_II_RN
rinap-szar2gina2019/Q006597	Neo-Assyrian	Royal Inscription	Akkadian	akk:	Tang-i Var	Sargon_II_RN
rinap-szar2gina2019/Q006598	Neo-Assyrian	Royal Inscription	Akkadian	akk:	Persepolis	Sargon_II_RN
rinap-szar2gina2019/Q006599	Neo-Assyrian	Royal Inscription	Akkadian	akk:	Persepolis	Sargon_II_RN
rinap-szar2gina2019/Q006600	Neo-Assyrian	Royal Inscription	Akkadian	akk:	Persepolis	Sargon_II_RN
rinap-szar2gina2019/Q006603	Neo-Assyrian	Royal Inscription	Akkadian	akk:	Babylon	Sargon_II_RN
rinap-szar2gina2019/Q006605	Neo-Assyrian	Royal Inscription	Akkadian	akk:	Uruk	Sargon_II_RN
rinap-szar2gina2019/Q006607	Neo-Assyrian	Royal Inscription	Sumerian	sux:	Uruk	Sargon_II_RN
rinap-szar2gina2019/Q006608	Neo-Assyrian	Royal Inscription	Sumerian	sux:akk:	Uruk	Sargon_II_RN
rinap-szar2gina2019/Q006609	Neo-Assyrian	Royal Inscription	Akkadian	akk:	Mê-Turran	Sargon_II_RN
rinap-szar2gina2019/Q006610	Neo-Assyrian	Royal Inscription	Akkadian	akk:	unknown	Sargon_II_RN
rinap-szar2gina2019/Q006650	Neo-Assyrian	Royal Inscription	Akkadian	akk:	Mê-Turran	Sargon_II_RN
rinap-szar2gina2019/Q006651	Neo-Assyrian	Royal Inscription	Akkadian	akk:	Tell Baradan	Sargon_II_RN
saao-saa02/P237185	Neo-Assyrian	Treaty	Akkadian	akk-x-neobab:akk-x-stdbab:	Nineveh	Ashurbanipal
saao-saa02/P296062	Neo-Assyrian	Treaty	Akkadian	akk-x-neoass:	Nineveh	Sîn-šarru-iškun
saao-saa02/P334814	Neo-Assyrian	Treaty	Akkadian	akk-x-neoass:	Nineveh	Ashurbanipal
saao-saa02/P336126	Neo-Assyrian	Treaty	Akkadian	akk-x-neoass:akk-x-stdbab:	Nineveh	Esarhaddon
saao-saa02/P336216	Neo-Assyrian	Treaty	Akkadian	akk-x-neobab:akk-x-stdbab:	Sippar	Esarhaddon
saao-saa02/P336220	Neo-Assyrian	Treaty	Akkadian	akk-x-neoass:akk-x-stdbab:	Nineveh	Esarhaddon
saao-saa02/P336598	Neo-Assyrian	Treaty	Akkadian	akk-x-neoass:akk-x-stdbab:	Nimrud	Esarhaddon
saao-saa03/P238321	Neo-Assyrian	Literary Work	Akkadian	akk-x-stdbab:akk-x-neoass:	Nineveh	Ashurbanipal
saao-saa03/P238357	Neo-Assyrian	Literary Work	Akkadian	akk-x-stdbab:	Nineveh	Ashurbanipal
saao-saa03/P334925	Neo-Assyrian	Literary Work	Akkadian	akk-x-neoass:	Nineveh	Ashurbanipal
saao-saa03/P334926	Neo-Assyrian	Literary Work	Akkadian	akk-x-neoass:	Nineveh	Ashurbanipal
saao-saa03/P334930	Neo-Assyrian	Literary Work	Akkadian	akk-x-stdbab:	Nineveh	Ashurbanipal
saao-saa03/P334931	Neo-Assyrian	Literary Work	Akkadian	akk-x-stdbab:	Nineveh	Sargon II
saao-saa03/P336130	Neo-Assyrian	Literary Work	Akkadian	akk-x-stdbab:	Nineveh	uncertain
saao-saa03/P336149	Neo-Assyrian	Literary Work	Akkadian	akk-x-stdbab:	Nineveh	Ashurbanipal
saao-saa03/P336161	Neo-Assyrian	Literary Work	Akkadian	akk-x-stdbab:	Nineveh	Ashurbanipal
saao-saa03/P336175	Neo-Assyrian	Literary Work	Akkadian	akk-x-stdbab:akk-x-neoass:	Nineveh	Ashurbanipal
saao-saa03/P336226	Neo-Assyrian	Literary Work	Akkadian	akk-x-stdbab:	Ashur	Ashurbanipal
saao-saa03/P336242	Neo-Assyrian	Literary Work	Akkadian	akk-x-stdbab:	Ashur	Ashurbanipal
saao-saa03/P336306	Neo-Assyrian	Literary Work	Akkadian	akk-x-stdbab:	Nineveh	Ashurbanipal
saao-saa03/P336599	Neo-Assyrian	Literary Work	Akkadian	akk-x-stdbab:	Nineveh	Sargon II
saao-saa03/P336600	Neo-Assyrian	Literary Work	Akkadian	akk-x-stdbab:	Nineveh	Ashurbanipal
saao-saa03/P336604	Neo-Assyrian	Literary Work	Akkadian	akk-x-stdbab:	Nineveh	Esarhaddon
saao-saa03/P338360	Neo-Assyrian	Literary Work	Akkadian	akk-x-neoass:akk-x-stdbab:	Huzirina	Shalmaneser III
saao-saa03/P338404	Neo-Assyrian	Literary Work	Akkadian	akk-x-neoass:	Huzirina	Esarhaddon
saao-saa04/P236925	Neo-Assyrian	Extispicy Query	Akkadian	akk-x-neobab:	Nineveh	Esarhaddon
saao-saa04/P236926	Neo-Assyrian	Extispicy Query	Akkadian	akk-x-neobab:	Nineveh	Esarhaddon
saao-saa04/P236929	Neo-Assyrian	Extispicy Query	Akkadian	akk-x-neobab:	Nineveh	Esarhaddon
saao-saa04/P236937	Neo-Assyrian	Extispicy Query	Akkadian	akk-x-neobab:	Nineveh	Esarhaddon
saao-saa04/P236955	Neo-Assyrian	Extispicy Query	Akkadian	akk-x-neobab:	Nineveh	Esarhaddon
saao-saa04/P236956	Neo-Assyrian	Extispicy Query	Akkadian	akk-x-neobab:	Nineveh	Esarhaddon
saao-saa04/P237027	Neo-Assyrian	Extispicy Query	Akkadian	akk-x-neobab:	Nineveh	Esarhaddon
saao-saa04/P237053	Neo-Assyrian	Extispicy Query	Akkadian	akk-x-neobab:	Nineveh	Esarhaddon
saao-saa04/P237119	Neo-Assyrian	Extispicy Query	Akkadian	akk-x-neobab:	Nineveh	Esarhaddon
saao-saa04/P237224	Neo-Assyrian	Extispicy Query	Akkadian	akk-x-neobab:	Nineveh	Esarhaddon
saao-saa04/P237360	Neo-Assyrian	Extispicy Query	Akkadian	akk-x-neobab:	Nineveh	Esarhaddon
saao-saa04/P237361	Neo-Assyrian	Extispicy Query	Akkadian	akk-x-neobab:	Nineveh	Esarhaddon
saao-saa04/P237362	Neo-Assyrian	Extispicy Query	Akkadian	akk-x-neobab:	Nineveh	Esarhaddon
saao-saa04/P237363	Neo-Assyrian	Extispicy Query	Akkadian	akk-x-neobab:	Nineveh	Esarhaddon
saao-saa04/P237374	Neo-Assyrian	Extispicy Query	Akkadian	akk-x-neobab:	Nineveh	Esarhaddon
saao-saa04/P237412	Neo-Assyrian	Extispicy Query	Akkadian	akk-x-neobab:	Nineveh	Esarhaddon
saao-saa04/P237461	Neo-Assyrian	Extispicy Query	Akkadian	akk-x-neobab:	Nineveh	Esarhaddon
saao-saa04/P237479	Neo-Assyrian	Extispicy Query	Akkadian	akk-x-neobab:	Nineveh	Esarhaddon
saao-saa04/P237483	Neo-Assyrian	Extispicy Query	Akkadian	akk-x-neobab:	Nineveh	Esarhaddon
saao-saa04/P237534	Neo-Assyrian	Extispicy Query	Akkadian	akk-x-neobab:	Nineveh	Esarhaddon
saao-saa04/P237536	Neo-Assyrian	Extispicy Query	Akkadian	akk-x-neobab:	Nineveh	Ashurbanipal
saao-saa04/P237538	Neo-Assyrian	Extispicy Query	Akkadian	akk-x-neobab:	Nineveh	Esarhaddon
saao-saa04/P237642	Neo-Assyrian	Extispicy Query	Akkadian	akk-x-neobab:	Nineveh	Esarhaddon
saao-saa04/P237711	Neo-Assyrian	Extispicy Query	Akkadian	akk-x-neobab:	Nineveh	Esarhaddon
saao-saa04/P237797	Neo-Assyrian	Extispicy Query	Akkadian	akk-x-neobab:	Nineveh	Esarhaddon
saao-saa04/P238054	Neo-Assyrian	Extispicy Report	Akkadian	akk-x-neobab:	Nineveh	Ashurbanipal
saao-saa04/P238175	Neo-Assyrian	Extispicy Query	Akkadian	akk-x-neobab:	Nineveh	Esarhaddon
saao-saa04/P238257	Neo-Assyrian	Extispicy Query	Akkadian	akk-x-neobab:	Nineveh	Esarhaddon
saao-saa04/P238341	Neo-Assyrian	Extispicy Report	Akkadian	akk-x-neobab:	Nineveh	Ashurbanipal
saao-saa04/P238601	Neo-Assyrian	Extispicy Query	Akkadian	akk-x-neobab:	Nineveh	Esarhaddon
saao-saa04/P238744	Neo-Assyrian	Extispicy Query	Akkadian	akk-x-neobab:	Nineveh	Esarhaddon
saao-saa04/P238755	Neo-Assyrian	Extispicy Report	Akkadian	akk-x-neobab:	Nineveh	Ashurbanipal
saao-saa04/P238962	Neo-Assyrian	Extispicy Query	Akkadian	akk-x-neobab:	Nineveh	Ashurbanipal
saao-saa04/P238963	Neo-Assyrian	Extispicy Query	Akkadian	akk-x-neobab:	Nineveh	Esarhaddon
saao-saa04/P238964	Neo-Assyrian	Extispicy Query	Akkadian	akk-x-neobab:	Nineveh	Esarhaddon
saao-saa04/P238965	Neo-Assyrian	Extispicy Query	Akkadian	akk-x-neobab:	Nineveh	Esarhaddon
saao-saa04/P238966	Neo-Assyrian	Extispicy Query	Akkadian	akk-x-neobab:	Nineveh	Ashurbanipal
saao-saa04/P238967	Neo-Assyrian	Extispicy Query	Akkadian	akk-x-neobab:	Nineveh	Esarhaddon
saao-saa04/P238968	Neo-Assyrian	Extispicy Query	Akkadian	akk-x-neobab:	Nineveh	Esarhaddon
saao-saa04/P238970	Neo-Assyrian	Extispicy Query	Akkadian	akk-x-neobab:	Nineveh	Esarhaddon
saao-saa04/P238972	Neo-Assyrian	Extispicy Query	Akkadian	akk-x-neobab:	Nineveh	Esarhaddon
saao-saa04/P238973	Neo-Assyrian	Extispicy Query	Akkadian	akk-x-neobab:	Nineveh	Esarhaddon
saao-saa04/P238974	Neo-Assyrian	Extispicy Query	Akkadian	akk-x-neobab:	Nineveh	Esarhaddon
saao-saa04/P238975	Neo-Assyrian	Extispicy Query	Akkadian	akk-x-neobab:	Nineveh	Esarhaddon
saao-saa04/P238977	Neo-Assyrian	Extispicy Query	Akkadian	akk-x-neobab:	Nineveh	Esarhaddon
saao-saa04/P238978	Neo-Assyrian	Extispicy Query	Akkadian	akk-x-neobab:	Nineveh	Esarhaddon
saao-saa04/P238979	Neo-Assyrian	Extispicy Query	Akkadian	akk-x-neobab:	Nineveh	Esarhaddon
saao-saa04/P238980	Neo-Assyrian	Extispicy Query	Akkadian	akk-x-neobab:	Nineveh	Esarhaddon
saao-saa04/P238981	Neo-Assyrian	Extispicy Query	Akkadian	akk-x-neobab:	Nineveh	Esarhaddon
saao-saa04/P238984	Neo-Assyrian	Extispicy Query	Akkadian	akk-x-neobab:	Nineveh	Esarhaddon
saao-saa04/P238985	Neo-Assyrian	Extispicy Query	Akkadian	akk-x-neobab:	Nineveh	Esarhaddon
saao-saa04/P238988	Neo-Assyrian	Extispicy Query	Akkadian	akk-x-neobab:	Nineveh	Esarhaddon
saao-saa04/P238989	Neo-Assyrian	Extispicy Query	Akkadian	akk-x-neobab:	Nineveh	Ashurbanipal
saao-saa04/P238992	Neo-Assyrian	Extispicy Query	Akkadian	akk-x-neobab:	Nineveh	Ashurbanipal
saao-saa04/P238995	Neo-Assyrian	Extispicy Query	Akkadian	akk-x-neobab:	Nineveh	Esarhaddon
saao-saa04/P238996	Neo-Assyrian	Extispicy Query	Akkadian	akk-x-neobab:	Nineveh	Esarhaddon
saao-saa04/P239000	Neo-Assyrian	Extispicy Query	Akkadian	akk-x-neobab:	Nineveh	Esarhaddon
saao-saa04/P239001	Neo-Assyrian	Extispicy Query	Akkadian	akk-x-neobab:	Nineveh	Esarhaddon
saao-saa04/P239086	Neo-Assyrian	Extispicy Query	Akkadian	akk-x-neobab:	Nineveh	Esarhaddon
saao-saa04/P240244	Neo-Assyrian	Extispicy Query	Akkadian	akk-x-neobab:	Nineveh	Esarhaddon
saao-saa04/P240263	Neo-Assyrian	Extispicy Query	Akkadian	akk-x-neobab:	Nineveh	Esarhaddon
saao-saa04/P240267	Neo-Assyrian	Extispicy Query	Akkadian	akk-x-neobab:	Nineveh	Esarhaddon
saao-saa04/P240279	Neo-Assyrian	Extispicy Query	Akkadian	akk-x-neobab:	Nineveh	Esarhaddon
saao-saa04/P240289	Neo-Assyrian	Extispicy Query	Akkadian	akk-x-neobab:	Nineveh	Esarhaddon
saao-saa04/P240297	Neo-Assyrian	Extispicy Query	Akkadian	akk-x-neobab:	Nineveh	Esarhaddon
saao-saa04/P240298	Neo-Assyrian	Extispicy Query	Akkadian	akk-x-neobab:	Nineveh	Esarhaddon
saao-saa04/P240321	Neo-Assyrian	Extispicy Query	Akkadian	akk-x-neobab:	Nineveh	Esarhaddon
saao-saa04/P240344	Neo-Assyrian	Extispicy Query	Akkadian	akk-x-neobab:	Nineveh	Esarhaddon
saao-saa04/P240393	Neo-Assyrian	Extispicy Query	Akkadian	akk-x-neobab:	Nineveh	Esarhaddon
saao-saa04/P240405	Neo-Assyrian	Extispicy Query	Akkadian	akk-x-neobab:	Nineveh	Esarhaddon
saao-saa04/P240441	Neo-Assyrian	Extispicy Query	Akkadian	akk-x-neobab:	Nineveh	Esarhaddon
saao-saa04/P334866	Neo-Assyrian	Extispicy Report	Akkadian	akk-x-neobab:	Nineveh	Ashurbanipal
saao-saa04/P334867	Neo-Assyrian	Extispicy Report	Akkadian	akk-x-neobab:	Nineveh	Ashurbanipal
saao-saa04/P336045	Neo-Assyrian	Extispicy Query	Akkadian	akk-x-neobab:	Nineveh	Esarhaddon
saao-saa04/P336051	Neo-Assyrian	Extispicy Query	Akkadian	akk-x-neobab:	Nineveh	Esarhaddon
saao-saa04/P336052	Neo-Assyrian	Extispicy Query	Akkadian	akk-x-neobab:	Nineveh	Esarhaddon
saao-saa04/P336059	Neo-Assyrian	Extispicy Query	Akkadian	akk-x-neobab:	Nineveh	Esarhaddon
saao-saa04/P336061	Neo-Assyrian	Extispicy Query	Akkadian	akk-x-neobab:	Nineveh	Esarhaddon
saao-saa04/P336062	Neo-Assyrian	Extispicy Query	Akkadian	akk-x-neobab:	Nineveh	Esarhaddon
saao-saa04/P336064	Neo-Assyrian	Extispicy Query	Akkadian	akk-x-neobab:	Nineveh	Esarhaddon
saao-saa04/P336066	Neo-Assyrian	Extispicy Query	Akkadian	akk-x-neobab:	Nineveh	Esarhaddon
saao-saa04/P336067	Neo-Assyrian	Extispicy Query	Akkadian	akk-x-neobab:	Nineveh	Esarhaddon
saao-saa04/P336068	Neo-Assyrian	Extispicy Query	Akkadian	akk-x-neobab:	Nineveh	Esarhaddon
saao-saa04/P336069	Neo-Assyrian	Extispicy Query	Akkadian	akk-x-neobab:	Nineveh	Esarhaddon
saao-saa04/P336070	Neo-Assyrian	Extispicy Query	Akkadian	akk-x-neobab:	Nineveh	Esarhaddon
saao-saa04/P336074	Neo-Assyrian	Extispicy Query	Akkadian	akk-x-neobab:	Nineveh	Esarhaddon
saao-saa04/P336075	Neo-Assyrian	Extispicy Query	Akkadian	akk-x-neobab:	Nineveh	Esarhaddon
saao-saa04/P336076	Neo-Assyrian	Extispicy Query	Akkadian	akk-x-neobab:	Nineveh	Esarhaddon
saao-saa04/P336078	Neo-Assyrian	Extispicy Query	Akkadian	akk-x-neobab:	Nineveh	Esarhaddon
saao-saa04/P336079	Neo-Assyrian	Extispicy Query	Akkadian	akk-x-neobab:	Nineveh	Esarhaddon
saao-saa04/P336080	Neo-Assyrian	Extispicy Query	Akkadian	akk-x-neobab:	Nineveh	Ashurbanipal
saao-saa04/P336081	Neo-Assyrian	Extispicy Query	Akkadian	akk-x-neobab:	Nineveh	Esarhaddon
saao-saa04/P336085	Neo-Assyrian	Extispicy Query	Akkadian	akk-x-neobab:	Nineveh	Ashurbanipal
saao-saa04/P336086	Neo-Assyrian	Extispicy Query	Akkadian	akk-x-neobab:	Nineveh	Esarhaddon
saao-saa04/P336088	Neo-Assyrian	Extispicy Query	Akkadian	akk-x-neobab:	Nineveh	Esarhaddon
saao-saa04/P336089	Neo-Assyrian	Extispicy Query	Akkadian	akk-x-neobab:	Nineveh	Esarhaddon
saao-saa04/P336090	Neo-Assyrian	Extispicy Query	Akkadian	akk-x-neobab:	Nineveh	Esarhaddon
saao-saa04/P336091	Neo-Assyrian	Extispicy Query	Akkadian	akk-x-neobab:	Nineveh	Ashurbanipal
saao-saa04/P336092	Neo-Assyrian	Extispicy Query	Akkadian	akk-x-neobab:	Nineveh	Esarhaddon
saao-saa04/P336093	Neo-Assyrian	Extispicy Query	Akkadian	akk-x-neobab:	Nineveh	Esarhaddon
saao-saa04/P336094	Neo-Assyrian	Extispicy Query	Akkadian	akk-x-neobab:	Nineveh	Esarhaddon
saao-saa04/P336095	Neo-Assyrian	Extispicy Query	Akkadian	akk-x-neobab:	Nineveh	Esarhaddon
saao-saa04/P336096	Neo-Assyrian	Extispicy Query	Akkadian	akk-x-neobab:	Nineveh	Esarhaddon
saao-saa04/P336097	Neo-Assyrian	Extispicy Query	Akkadian	akk-x-neobab:arc-949:	Nineveh	Esarhaddon
saao-saa04/P336098	Neo-Assyrian	Extispicy Query	Akkadian	akk-x-neobab:	Nineveh	Esarhaddon
saao-saa04/P336099	Neo-Assyrian	Extispicy Query	Akkadian	akk-x-neobab:	Nineveh	Esarhaddon
saao-saa04/P336100	Neo-Assyrian	Extispicy Query	Akkadian	akk-x-neobab:	Nineveh	Esarhaddon
saao-saa04/P336101	Neo-Assyrian	Extispicy Query	Akkadian	akk-x-neobab:	Nineveh	Esarhaddon
saao-saa04/P336103	Neo-Assyrian	Extispicy Query	Akkadian	akk-x-neobab:	Nineveh	Esarhaddon
saao-saa04/P336104	Neo-Assyrian	Extispicy Query	Akkadian	akk-x-neobab:	Nineveh	Esarhaddon
saao-saa04/P336111	Neo-Assyrian	Extispicy Query	Akkadian	akk-x-neobab:	Nineveh	Esarhaddon
saao-saa04/P336112	Neo-Assyrian	Extispicy Query	Akkadian	akk-x-neobab:	Nineveh	Esarhaddon
saao-saa04/P336113	Neo-Assyrian	Extispicy Query	Akkadian	akk-x-neobab:	Nineveh	Esarhaddon
saao-saa04/P336114	Neo-Assyrian	Extispicy Query	Akkadian	akk-x-neobab:	Nineveh	Ashurbanipal
saao-saa04/P336115	Neo-Assyrian	Extispicy Query	Akkadian	akk-x-neobab:	Nineveh	Ashurbanipal
saao-saa04/P336116	Neo-Assyrian	Extispicy Query	Akkadian	akk-x-neobab:	Nineveh	Ashurbanipal
saao-saa04/P336118	Neo-Assyrian	Extispicy Query	Akkadian	akk-x-neobab:	Nineveh	Esarhaddon
saao-saa04/P336329	Neo-Assyrian	Extispicy Query	Akkadian	akk-x-neobab:	Nineveh	Esarhaddon
saao-saa04/P336333	Neo-Assyrian	Extispicy Query	Akkadian	akk-x-neobab:	Nineveh	Esarhaddon
saao-saa04/P336337	Neo-Assyrian	Extispicy Query	Akkadian	akk-x-neobab:	Nineveh	Esarhaddon
saao-saa04/P336340	Neo-Assyrian	Extispicy Query	Akkadian	akk-x-neobab:	Nineveh	Esarhaddon
saao-saa04/P336341	Neo-Assyrian	Extispicy Query	Akkadian	akk-x-neobab:	Nineveh	Esarhaddon
saao-saa04/P336342	Neo-Assyrian	Extispicy Query	Akkadian	akk-x-neobab:	Nineveh	Esarhaddon
saao-saa04/P336344	Neo-Assyrian	Extispicy Query	Akkadian	akk-x-neobab:	Nineveh	Esarhaddon
saao-saa04/P336345	Neo-Assyrian	Extispicy Query	Akkadian	akk-x-neobab:	Nineveh	Esarhaddon
saao-saa04/P336346	Neo-Assyrian	Extispicy Query	Akkadian	akk-x-neobab:	Nineveh	Esarhaddon
saao-saa04/P336347	Neo-Assyrian	Extispicy Query	Akkadian	akk-x-neobab:	Nineveh	Esarhaddon
saao-saa04/P336350	Neo-Assyrian	Extispicy Query	Akkadian	akk-x-neobab:	Nineveh	Esarhaddon
saao-saa04/P336363	Neo-Assyrian	Extispicy Report	Akkadian	akk-x-neobab:	Nineveh	Ashurbanipal
saao-saa04/P336610	Neo-Assyrian	Extispicy Query	Akkadian	akk-x-neobab:	Nineveh	Esarhaddon
saao-saa04/P336614	Neo-Assyrian	Extispicy Query	Akkadian	akk-x-neobab:	Nineveh	Esarhaddon
saao-saa04/P336617	Neo-Assyrian	Extispicy Query	Akkadian	akk-x-neobab:	Nineveh	Esarhaddon
saao-saa04/P336619	Neo-Assyrian	Extispicy Query	Akkadian	akk-x-neobab:	Nineveh	Esarhaddon
saao-saa04/P336620	Neo-Assyrian	Extispicy Query	Akkadian	akk-x-neobab:	Nineveh	Esarhaddon
saao-saa04/P336621	Neo-Assyrian	Extispicy Query	Akkadian	akk-x-neobab:	Nineveh	Esarhaddon
saao-saa04/P336627	Neo-Assyrian	Extispicy Query	Akkadian	akk-x-neobab:	Nineveh	Ashurbanipal
saao-saa09/P333952	Neo-Assyrian	Prophecy	Akkadian	akk-x-neoass:	Nineveh	Esarhaddon
saao-saa09/P334928	Neo-Assyrian	Prophecy	Akkadian	akk-x-neoass:	Nineveh	Esarhaddon
saao-saa09/P337163	Neo-Assyrian	Prophecy	Akkadian	akk-x-neoass:	Nineveh	Ashurbanipal
saao-saa12/P235242	Neo-Assyrian	Decree	Akkadian	akk-x-neoass:	Ashur	Adad-nerari III
saao-saa12/P285569	Neo-Assyrian	Grant	Akkadian	akk-x-neoass:akk-x-stdbab:	Ashur	Adad-nerari III
saao-saa12/P334915	Neo-Assyrian	Gift	Akkadian	akk-x-stdbab:akk-x-neoass:	Nineveh	Sennacherib
saao-saa12/P335554	Neo-Assyrian	Votive Donation	Akkadian	akk-x-neoass:akk-x-stdbab:	Nineveh	Ashurbanipal
saao-saa12/P336174	Neo-Assyrian	Votive Donation	Akkadian	akk-x-stdbab:akk-x-neoass:	Nineveh	Ashurbanipal
saao-saa12/P336248	Neo-Assyrian	Grant	Akkadian	akk-x-neoass:	Nineveh	Adad-nerari III
saao-saa12/P336253	Neo-Assyrian	Grant	Akkadian	akk-x-neoass:	Nineveh	Aššur-dan III
saao-saa12/P336254	Neo-Assyrian	Grant	Akkadian	akk-x-neoass:akk-x-stdbab:	Nineveh	Tiglath-pileser III
saao-saa12/P336255	Neo-Assyrian	Grant	Akkadian	akk-x-neoass:akk-x-stdbab:	Nineveh	Ashurbanipal
saao-saa12/P336256	Neo-Assyrian	Grant	Akkadian	akk-x-neoass:akk-x-stdbab:	Nineveh	Ashurbanipal
saao-saa12/P336257	Neo-Assyrian	Grant	Akkadian	akk-x-neoass:akk-x-stdbab:	Nineveh	Ashurbanipal
saao-saa12/P336258	Neo-Assyrian	Grant	Akkadian	akk-x-neoass:akk-x-stdbab:	Nineveh	Aššur-etel-ilani
saao-saa12/P336260	Neo-Assyrian	Grant	Akkadian	akk-x-neoass:akk-x-stdbab:	Nineveh	Aššur-etel-ilani
saao-saa12/P336272	Neo-Assyrian	Decree	Akkadian	akk-x-neoass:akk-x-stdbab:	Nineveh	Tiglath-pileser III
saao-saa12/P336273	Neo-Assyrian	Grant	Akkadian	akk-x-neoass:akk-x-stdbab:	Nineveh	Sargon II
saao-saa12/P336274	Neo-Assyrian	Grant	Akkadian	akk-x-neoass:	Nineveh	Sennacherib
saao-saa12/P336275	Neo-Assyrian	Grant	Akkadian	akk-x-neoass:	Nineveh	Sennacherib
saao-saa12/P336283	Neo-Assyrian	Decree	Akkadian	akk-x-neoass:akk-x-stdbab:	Ashur	Adad-nerari III
saao-saa12/P336287	Neo-Assyrian	Decree	Akkadian	akk-x-neoass:akk-x-stdbab:	Nineveh	Šamsi-Adad V and Adad-nerari III
saao-saa12/P336290	Neo-Assyrian	Decree	Akkadian	akk-x-neoass:	Nineveh	Aššur-dan III or Aššur-nerari V
saao-saa12/P336316	Neo-Assyrian	Votive Donation	Akkadian	akk-x-stdbab:akk-x-neoass:	Ashur	Sennacherib
saao-saa12/P336732	Neo-Assyrian	Appointment	Akkadian	akk-x-neoass:akk-x-stdbab:	Nineveh	Adad-nerari III
saao-saa12/P336734	Neo-Assyrian	Votive Donation	Akkadian	akk-x-neoass:akk-x-stdbab:	Nimrud	Sîn-šarru-iškun
saao-saa20/P224589	Neo-Assyrian	Royal Ritual	Akkadian	akk-x-neoass:	Nimrud	uncertain
saao-saa20/P285518	Neo-Assyrian	Royal Ritual	Akkadian	akk-x-neoass:	Ashur	uncertain
saao-saa20/P336139	Neo-Assyrian	Royal Ritual	Akkadian	akk-x-neoass:	Ashur	Ashurbanipal
saao-saa20/P336140	Neo-Assyrian	Royal Ritual	Akkadian	akk-x-neoass:	Nineveh	uncertain
saao-saa20/P336232	Neo-Assyrian	Royal Ritual	Akkadian	akk-x-neoass:	Ashur	Aššur-etel-ilani
saao-saa20/P336321	Neo-Assyrian	Royal Ritual	Akkadian	akk-x-neoass:	Ashur	uncertain
saao-saa20/P338406	Neo-Assyrian	Royal Ritual	Akkadian	akk-x-neoass:	Huzirina	Sennacherib
saao-saa21/P237759	Neo-Assyrian	Administrative Letter	Akkadian	akk-x-neobab:akk-x-neoass:	Nineveh	Assurbanipal
saao-saa21/P239216	Neo-Assyrian	Administrative Letter	Akkadian	akk-x-neobab:	Nineveh	Assurbanipal
saao-saa21/P395556	Neo-Assyrian	Administrative Letter	Akkadian	akk-x-neobab:	Nineveh	Assurbanipal
saao-saa21/P395715	Neo-Assyrian	Administrative Letter	Akkadian	akk-x-neoass:	Nineveh	Assurbanipal
saao-saa21/X211891	Neo-Assyrian	Administrative Letter	Akkadian	akk-x-neoass:	Nineveh	Assurbanipal
saao-saas2/P338364	Neo-Assyrian	Eponym Chronicle	Akkadian	akk-x-neoass:	Huzirina	uncertain
saao-saas2/P393730	Neo-Assyrian	Eponym Chronicle	Akkadian	akk-x-neoass:	Nineveh	uncertain
saao-saas2/P394868	Neo-Assyrian	Eponym Chronicle	Akkadian	akk-x-neoass:	Nineveh	uncertain
saao-saas2/P394989	Neo-Assyrian	Eponym Chronicle	Akkadian	akk-x-neoass:	Nineveh	uncertain
saao-saas2/P424937	Neo-Assyrian	Eponym Chronicle	Akkadian	akk-x-neoass:	Nineveh	uncertain
saao-saas2/Q007771	Neo-Assyrian	Eponym List	Akkadian	akk-x-neoass:	Nineveh	uncertain
